account_id,degree,in_degree,out_degree,in_out_ratio,clustering_coef,betweenness_centrality,pagerank,eigenvector_centrality,avg_tx_amount,max_tx_amount,total_tx_volume,is_fraud,balance,account_type,degree_z_score,pred_zscore,pred_dbscan,pred_kmeans,pred_isoforest,pred_graph,pred_ensemble,anomaly_score
ACC_0000,4,2,2,1.0,0.0,1.6e-05,0.001234,0.009344,1158.07,1945.6,2316.14,0,5962.52,business,-1.4247,0,0,0,0,0,0,0.0602297961841511
ACC_0001,12,6,6,1.0,0.0,0.022125,0.003072,0.012236,1077.03,1980.21,6462.19,0,3529.5,personal,1.4535,0,1,0,0,0,0,0.2267508630578719
ACC_0002,11,5,6,1.2,0.0,0.035155,0.002338,0.005112,1619.25,2549.86,9715.49,0,5609.42,business,1.0937,0,1,0,0,0,0,0.2107429651363106
ACC_0003,5,2,3,1.5,0.0,0.002427,0.0008,0.003743,1952.85,2299.72,5858.54,0,6508.32,business,-1.0649,0,0,0,0,0,0,0.06416183379548689
ACC_0004,7,2,5,2.5,0.0,0.003956,0.000938,0.000406,1132.02,3552.17,5660.11,0,2710.5,personal,-0.3454,0,0,0,0,0,0,0.09209607274712675
ACC_0005,3,2,1,0.5,0.0,0.000559,0.000925,0.000526,1374.74,1374.74,1374.74,0,9702.08,corporate,-1.7845,0,0,0,0,0,0,0.041213527770792
ACC_0006,7,1,6,6.0,0.0,0.019996,0.000415,0.000132,722.12,1575.44,4332.72,0,11758.17,business,-0.3454,0,1,0,0,0,0,0.09565909584716918
ACC_0007,5,2,3,1.5,0.0,0.00196,0.002497,0.001704,109054.61,192447.82,327163.82,1,70595.74,business,-1.0649,1,1,0,1,0,1,0.22463517828736013
ACC_0008,15,7,8,1.1429,0.0095,0.034289,0.003761,0.065696,818.93,1644.68,6551.42,0,2296.71,personal,2.5328,1,1,0,0,1,1,0.2932148537771836
ACC_0009,8,3,5,1.6667,0.0357,0.012575,0.001783,0.001156,493.49,1249.01,2467.47,0,9920.01,personal,0.0144,0,0,0,0,0,0,0.13478805644108416
ACC_0010,9,5,4,0.8,0.0278,0.004406,0.002843,0.002372,2621.64,6496.93,10486.56,0,13719.7,personal,0.3742,0,0,0,0,0,0,0.16759681286938466
ACC_0011,8,7,1,0.1429,0.0,0.009811,0.009883,0.003867,895.47,895.47,895.47,0,476.61,corporate,0.0144,1,1,1,0,1,1,0.344151519290077
ACC_0012,13,8,5,0.625,0.0,0.008865,0.001209,0.010689,1201.55,3185.26,6007.73,0,5703.02,business,1.8132,0,1,0,0,0,0,0.17526781407164282
ACC_0013,9,4,5,1.25,0.0,0.029147,0.001964,0.00063,1287.47,4353.2,6437.37,0,9506.67,business,0.3742,0,0,0,0,0,0,0.1704366424271586
ACC_0014,5,1,4,4.0,0.0,0.004712,0.000715,0.000155,1026.74,1937.52,4106.96,0,2976.26,personal,-1.0649,0,0,0,0,0,0,0.06345025349873658
ACC_0015,11,6,5,0.8333,0.0,0.009247,0.003953,0.013694,833.23,1505.51,4166.17,0,18384.7,personal,1.0937,0,1,0,0,0,0,0.2235688256189638
ACC_0016,8,4,4,1.0,0.0,0.015392,0.002429,0.008122,1488.28,4106.28,5953.12,0,12952.01,personal,0.0144,0,0,0,0,0,0,0.1558843813856181
ACC_0017,9,3,6,2.0,0.0278,0.007972,0.001189,0.000357,1852.94,3236.16,11117.65,0,1897.5,personal,0.3742,0,0,0,0,0,0,0.12740942718590942
ACC_0018,9,3,6,2.0,0.0,0.009682,0.000766,0.002737,2431.58,5508.42,14589.48,0,5967.9,business,0.3742,0,0,0,0,0,0,0.11885598971585067
ACC_0019,6,6,0,0.0,0.1333,0.0,0.002363,0.019297,0.0,0.0,0.0,1,261461.4,business,-0.7052,0,1,0,0,0,0,0.1120267060854555
ACC_0020,6,5,1,0.2,0.0,0.003879,0.001774,0.005416,1822.28,1822.28,1822.28,0,7978.89,business,-0.7052,0,0,0,0,0,0,0.10287569523506866
ACC_0021,9,5,4,0.8,0.0,0.005461,0.001308,0.000177,778.5,1231.32,3114.02,0,14219.21,personal,0.3742,0,0,0,0,0,0,0.12658388333735598
ACC_0022,10,5,5,1.0,0.0,0.065674,0.000992,0.000443,1085.17,2919.24,5425.83,0,24738.55,corporate,0.7339,1,1,0,0,0,0,0.19684221090792495
ACC_0023,5,1,4,4.0,0.0,5.6e-05,0.000359,3e-06,2370.02,5404.82,9480.09,0,5929.01,business,-1.0649,0,0,0,0,0,0,0.050459255070431655
ACC_0024,7,4,3,0.75,0.0,0.033376,0.001478,0.000436,682.66,1382.86,2047.99,0,970.61,business,-0.3454,0,0,0,0,0,0,0.13819599644668548
ACC_0025,5,1,4,4.0,0.0,0.001972,0.000407,0.000364,3095.39,5916.51,12381.56,0,2480.85,personal,-1.0649,0,0,0,0,0,0,0.05461876801001369
ACC_0026,3,2,1,0.5,0.0,0.0,0.000373,4.4e-05,193768.66,193768.66,193768.66,1,45186.2,personal,-1.7845,1,1,1,1,0,1,0.2355685775617668
ACC_0027,11,8,3,0.375,0.0,0.0,0.004394,0.016485,167739.5,212273.63,503218.49,1,50362.69,personal,1.0937,1,1,0,1,1,1,0.406582643073484
ACC_0028,12,7,5,0.7143,0.0152,0.010672,0.002307,0.001635,2761.9,9906.12,13809.49,0,8112.09,personal,1.4535,0,1,0,0,0,0,0.19592950544328552
ACC_0029,12,7,5,0.7143,0.0455,0.004406,0.002131,0.00332,2183.3,3256.56,10916.5,0,13186.84,business,1.4535,0,1,0,0,0,0,0.18378091669558663
ACC_0030,7,6,1,0.1667,0.0,0.000101,0.002496,0.001214,358.24,358.24,358.24,0,15203.24,business,-0.3454,0,0,0,0,0,0,0.1277733590937611
ACC_0031,7,4,3,0.75,0.0,0.004145,0.002047,0.00051,1713.15,2961.79,5139.44,0,10662.27,corporate,-0.3454,0,0,0,0,0,0,0.12195942899283294
ACC_0032,9,4,5,1.25,0.0,0.0,0.003546,0.002022,162733.99,246348.46,813669.94,1,268550.29,personal,0.3742,1,1,0,1,1,1,0.3554128402374689
ACC_0033,10,6,4,0.6667,0.0,0.031396,0.001755,0.000729,854.92,2400.93,3419.7,0,36151.12,personal,0.7339,0,1,0,0,0,0,0.1787422293029874
ACC_0034,9,5,4,0.8,0.0,0.0,0.003243,0.002117,176272.76,238485.55,705091.04,1,117770.65,personal,0.3742,1,1,0,1,1,1,0.36222011388509123
ACC_0035,12,6,6,1.0,0.0,0.005867,0.001442,0.003043,2283.58,4571.79,13701.45,0,19466.54,personal,1.4535,0,1,0,0,0,0,0.16747092217906068
ACC_0036,3,0,3,3000000000.0,0.0,0.0,0.00033,0.0,2015.16,4115.41,6045.47,0,5151.34,personal,-1.7845,0,1,1,0,0,0,0.0757228788807771
ACC_0037,6,3,3,1.0,0.0,0.00196,0.001244,0.000341,101793.38,211269.55,305380.13,1,7580.27,personal,-0.7052,1,1,0,0,0,0,0.1957054168430152
ACC_0038,7,3,4,1.3333,0.0476,0.005742,0.000856,0.000422,2411.79,4291.34,9647.16,0,8416.74,personal,-0.3454,0,0,0,0,0,0,0.09331354690195845
ACC_0039,10,6,4,0.6667,0.0,0.053167,0.001228,0.000365,1463.34,3607.96,5853.37,0,25903.1,business,0.7339,0,1,0,0,0,0,0.18963167303755446
ACC_0040,7,5,2,0.4,0.0,0.001026,0.002054,0.000402,1885.78,3005.53,3771.55,0,1600.16,personal,-0.3454,0,0,0,0,0,0,0.11888951262972772
ACC_0041,5,5,0,0.0,0.0,0.0,0.00234,0.001232,0.0,0.0,0.0,0,4380.69,business,-1.0649,0,0,0,0,0,0,0.099660095106119
ACC_0042,9,5,4,0.8,0.0278,0.015642,0.001151,0.004376,361.02,454.69,1444.09,0,9981.72,business,0.3742,0,0,0,0,0,0,0.1332529068041385
ACC_0043,10,6,4,0.6667,0.0222,0.016942,0.003294,0.001653,954.42,1595.1,3817.68,0,5743.08,personal,0.7339,0,0,0,0,0,0,0.20317958535251818
ACC_0044,5,1,4,4.0,0.0,0.001123,0.001016,7e-05,922.18,1451.85,3688.74,0,535.83,business,-1.0649,0,0,0,0,0,0,0.0672540144953788
ACC_0045,8,5,3,0.6,0.0,0.004575,0.002227,0.000712,1970.76,3342.47,5912.28,0,41552.19,business,0.0144,0,0,0,0,0,0,0.1391894943405997
ACC_0046,9,5,4,0.8,0.0278,0.010523,0.000985,0.000195,1605.04,2831.22,6420.17,0,7770.83,personal,0.3742,0,0,0,0,0,0,0.12461532434102524
ACC_0047,6,6,0,0.0,0.0,0.0,0.001317,0.000279,0.0,0.0,0.0,0,2921.32,personal,-0.7052,0,0,0,0,0,0,0.08465310903464392
ACC_0048,9,3,6,2.0,0.0,0.013585,0.001788,0.001659,593.75,939.32,3562.49,0,4977.43,business,0.3742,0,0,0,0,0,0,0.14790701628202818
ACC_0049,4,2,2,1.0,0.1667,0.000773,0.003213,0.0002,2556.93,3675.29,5113.86,0,294.64,personal,-1.4247,0,1,0,0,0,0,0.11437759317814478
ACC_0050,10,6,4,0.6667,0.0222,0.008664,0.005714,0.029239,1754.72,3411.29,7018.87,0,8050.82,personal,0.7339,1,1,0,0,0,0,0.25824895076983523
ACC_0051,7,3,4,1.3333,0.0,0.01973,0.001199,0.000173,1379.72,2518.19,5518.87,0,16458.57,personal,-0.3454,0,0,0,0,0,0,0.1165985328021645
ACC_0052,5,3,2,0.6667,0.0,0.019875,0.001169,0.000856,1148.6,2197.19,2297.19,0,8070.64,business,-1.0649,0,0,0,0,0,0,0.09219242725443506
ACC_0053,10,5,5,1.0,0.0,0.003573,0.004542,0.00492,303.68,1082.04,1518.42,0,14849.55,business,0.7339,0,1,0,0,0,0,0.22038192687944322
ACC_0054,8,3,5,1.6667,0.0,0.035267,0.000466,1.6e-05,1546.4,3017.54,7731.99,0,6755.01,business,0.0144,0,1,0,0,0,0,0.12650327355669905
ACC_0055,6,2,4,2.0,0.0,0.0,0.000764,0.001079,101505.89,152042.67,406023.56,1,60806.07,business,-0.7052,1,1,0,0,0,0,0.18066863825483526
ACC_0056,6,4,2,0.5,0.0,0.007022,0.002683,0.002834,1575.9,1755.72,3151.81,0,7070.07,personal,-0.7052,0,0,0,0,0,0,0.12986333853767357
ACC_0057,7,4,3,0.75,0.0,0.03206,0.00098,0.000118,367.65,737.23,1102.96,0,10224.53,personal,-0.3454,0,0,0,0,0,0,0.1233686940369612
ACC_0058,8,3,5,1.6667,0.0357,0.000801,0.001072,0.010045,2348.91,4609.62,11744.55,0,19225.1,personal,0.0144,0,1,0,0,0,0,0.10521136761091807
ACC_0059,5,4,1,0.25,0.0,0.0,0.001399,0.000227,173956.1,173956.1,173956.1,1,326123.59,personal,-1.0649,1,1,0,1,0,1,0.26438255868847105
ACC_0060,6,1,5,5.0,0.0,0.000153,0.000359,5e-06,957.46,2765.35,4787.32,0,5380.67,business,-0.7052,0,0,0,0,0,0,0.06079342802947643
ACC_0061,8,5,3,0.6,0.0,0.01105,0.003486,0.004746,654.17,1386.15,1962.5,0,34451.94,personal,0.0144,0,0,0,0,0,0,0.17784765785867282
ACC_0062,11,6,5,0.8333,0.0,0.011251,0.003511,0.003386,1473.35,3299.39,7366.77,0,1120.46,personal,1.0937,0,1,0,0,0,0,0.2149094350713801
ACC_0063,6,5,1,0.2,0.0,0.030479,0.003024,0.005965,221.1,221.1,221.1,0,9085.19,business,-0.7052,0,0,0,0,0,0,0.16319129079691283
ACC_0064,12,5,7,1.4,0.0,0.002588,0.00183,0.001638,1845.24,4833.2,12916.66,0,7025.25,business,1.4535,0,1,0,0,0,0,0.17353014563784816
ACC_0065,5,3,2,0.6667,0.1,0.002636,0.000576,7.6e-05,1076.08,1561.84,2152.16,0,8628.86,personal,-1.0649,0,1,0,0,0,0,0.05757602984480153
ACC_0066,8,5,3,0.6,0.0,0.003372,0.001508,0.001231,3045.29,4051.53,9135.88,0,18470.06,personal,0.0144,0,0,0,0,0,0,0.1202158257758226
ACC_0067,7,6,1,0.1667,0.0476,0.001895,0.003774,0.002357,718.47,718.47,718.47,0,4938.41,personal,-0.3454,0,1,0,0,0,0,0.1635896657941318
ACC_0068,7,5,2,0.4,0.0,0.023634,0.005047,0.003616,435.42,770.83,870.83,0,42014.33,personal,-0.3454,0,1,0,0,0,0,0.22057907233633062
ACC_0069,5,2,3,1.5,0.0,0.00295,0.000725,0.000192,606.66,1426.21,1819.99,0,7940.4,personal,-1.0649,0,0,0,0,0,0,0.06131079024951806
ACC_0070,1,0,1,1000000000.0,0.0,0.0,0.00033,0.0,8021.4,8021.4,8021.4,0,14619.34,personal,-2.504,1,1,0,1,0,1,0.025397823069114096
ACC_0071,15,9,6,0.6667,0.0095,0.073879,0.006889,0.024745,845.64,1851.18,5073.81,0,8894.24,personal,2.5328,1,1,1,1,1,1,0.4187803440868846
ACC_0072,8,3,5,1.6667,0.1071,0.1348,0.000955,0.001847,891.33,1463.07,4456.63,0,7370.9,business,0.0144,1,1,1,1,0,1,0.24839618465801439
ACC_0073,4,1,3,3.0,0.0,4e-05,0.000852,0.002486,938.54,2280.54,2815.62,0,5753.12,personal,-1.4247,0,0,0,0,0,0,0.050020460788294564
ACC_0074,7,3,4,1.3333,0.0,0.012249,0.000857,0.007216,1051.73,3060.14,4206.94,0,243.75,personal,-0.3454,0,0,0,0,0,0,0.09903810592807305
ACC_0075,10,7,3,0.4286,0.0222,0.006354,0.002952,0.107665,2325.19,4029.73,6975.56,0,39289.16,personal,0.7339,0,1,0,0,0,0,0.18404045885006232
ACC_0076,10,7,3,0.4286,0.0222,0.004563,0.005011,0.001956,3265.63,5169.97,9796.89,0,10417.32,personal,0.7339,0,1,0,0,0,0,0.23697179761007967
ACC_0077,8,4,4,1.0,0.0,0.018125,0.003786,0.003829,1398.84,3178.73,5595.35,0,27599.5,business,0.0144,0,0,0,0,0,0,0.1943145867552012
ACC_0078,4,2,2,1.0,0.0,0.002785,0.000977,0.000178,870.02,1392.69,1740.03,0,40439.29,personal,-1.4247,0,0,0,0,0,0,0.056245498675798984
ACC_0079,12,7,5,0.7143,0.0,0.011883,0.003721,0.005139,1322.45,2608.34,6612.24,0,15492.07,business,1.4535,0,1,0,0,0,0,0.2327027926383449
ACC_0080,11,7,4,0.5714,0.0,0.013284,0.00681,0.054086,599.26,1124.1,2397.06,0,4791.79,business,1.0937,1,1,0,0,1,1,0.30253501951443057
ACC_0081,6,3,3,1.0,0.0,0.01268,0.001378,0.199965,735.19,1083.36,2205.56,0,6341.97,personal,-0.7052,0,1,1,0,0,0,0.10103880763519085
ACC_0082,8,4,4,1.0,0.0357,0.024237,0.0018,0.013979,693.92,1112.61,2775.68,0,996.69,business,0.0144,0,0,0,0,0,0,0.14831710764015524
ACC_0083,9,4,5,1.25,0.0,0.007227,0.002176,0.000758,1369.99,3260.32,6849.97,0,23702.9,personal,0.3742,0,0,0,0,0,0,0.15189140922356437
ACC_0084,7,5,2,0.4,0.0,0.001151,0.003423,0.013623,1217.94,1809.59,2435.89,0,11755.18,personal,-0.3454,0,0,0,0,0,0,0.15412692360688776
ACC_0085,4,2,2,1.0,0.0,0.0,0.000668,0.077383,121373.6,128030.37,242747.21,1,246675.78,personal,-1.4247,1,1,1,1,0,1,0.1762525887125309
ACC_0086,6,2,4,2.0,0.0,0.000201,0.000864,8.6e-05,1567.05,2312.02,6268.2,0,24230.95,business,-0.7052,0,0,0,0,0,0,0.07472565419040875
ACC_0087,6,3,3,1.0,0.0,0.007127,0.000984,0.001031,1400.62,1522.26,4201.87,0,410.51,personal,-0.7052,0,0,0,0,0,0,0.08532592174117766
ACC_0088,5,2,3,1.5,0.0,0.027283,0.000457,6.6e-05,2469.07,6851.29,7407.22,0,17648.36,personal,-1.0649,0,1,0,0,0,0,0.08316965964833434
ACC_0089,8,4,4,1.0,0.0,0.024197,0.001246,0.000956,1236.58,1498.22,4946.34,0,1459.68,personal,0.0144,0,0,0,0,0,0,0.13436559217771435
ACC_0090,8,7,1,0.1429,0.0,0.016121,0.003419,0.372092,200.87,200.87,200.87,0,764.28,personal,0.0144,0,1,1,0,0,0,0.1811954095597295
ACC_0091,4,2,2,1.0,0.0,0.000306,0.000788,0.004131,524.36,779.3,1048.72,0,11364.72,business,-1.4247,0,0,0,0,0,0,0.048188228755573846
ACC_0092,6,4,2,0.5,0.0,0.000213,0.001333,0.001224,2634.36,3236.75,5268.72,0,6086.35,personal,-0.7052,0,0,0,0,0,0,0.08817427173627373
ACC_0093,12,4,8,2.0,0.0152,0.021642,0.001541,0.016432,984.72,3136.7,7877.79,0,15755.57,personal,1.4535,0,1,0,0,0,0,0.18605157599105268
ACC_0094,7,3,4,1.3333,0.0,0.009887,0.001954,0.003237,243.08,608.16,972.31,0,32707.95,personal,-0.3454,0,0,0,0,0,0,0.1242603044590819
ACC_0095,5,2,3,1.5,0.0,0.001026,0.000587,0.00093,1987.44,3280.42,5962.32,0,5501.9,business,-1.0649,0,0,0,0,0,0,0.057079678735190126
ACC_0096,7,4,3,0.75,0.0476,0.006193,0.002221,0.003997,1300.5,2054.14,3901.51,0,9237.62,personal,-0.3454,0,0,0,0,0,0,0.12832324766695768
ACC_0097,12,9,3,0.3333,0.0303,0.002966,0.00479,0.013013,845.39,1547.94,2536.17,0,31.26,personal,1.4535,0,1,0,0,0,0,0.25032142034303184
ACC_0098,8,4,4,1.0,0.0,0.0053,0.00162,0.00969,2412.41,5461.86,9649.64,0,2311.55,personal,0.0144,0,0,0,0,0,0,0.12458501213382586
ACC_0099,9,4,5,1.25,0.0278,0.004672,0.000992,0.000152,1390.11,3865.56,6950.54,0,11212.79,corporate,0.3742,0,0,0,0,0,0,0.11810950030226458
ACC_0100,9,5,4,0.8,0.0278,0.009163,0.006694,0.134272,2111.45,6219.24,8445.81,0,124.99,corporate,0.3742,1,1,0,0,0,0,0.27306944791504806
ACC_0101,7,5,2,0.4,0.0,0.009968,0.003996,0.005132,328.26,556.53,656.53,0,10479.59,business,-0.3454,0,0,0,0,0,0,0.17788108871878391
ACC_0102,9,5,4,0.8,0.0,0.039299,0.001394,0.001271,1560.46,4044.29,6241.86,0,9926.48,personal,0.3742,0,0,0,0,0,0,0.16701711467642238
ACC_0103,8,4,4,1.0,0.0357,0.042221,0.001692,0.001192,1004.1,3233.33,4016.41,0,973.1,corporate,0.0144,0,1,0,0,0,0,0.16566908807989503
ACC_0104,7,3,4,1.3333,0.0,0.007746,0.007654,0.008627,1242.84,3907.17,4971.36,0,26001.33,business,-0.3454,1,1,1,0,0,1,0.2721542715027938
ACC_0105,7,4,3,0.75,0.0952,0.007388,0.001421,0.002671,442.95,1128.86,1328.86,0,14516.15,business,-0.3454,0,1,0,0,0,0,0.10777236307844311
ACC_0106,5,4,1,0.25,0.1,0.010604,0.001484,0.003473,199.13,199.13,199.13,0,23968.69,personal,-1.0649,0,1,0,0,0,0,0.08917427805677873
ACC_0107,6,2,4,2.0,0.0,0.004499,0.000622,0.000426,1055.94,1600.48,4223.75,0,1662.09,personal,-0.7052,0,0,0,0,0,0,0.07257796246890702
ACC_0108,8,6,2,0.3333,0.0357,0.006962,0.003954,0.008641,1637.96,2185.55,3275.93,0,14031.98,personal,0.0144,0,1,0,0,0,0,0.186655906158822
ACC_0109,9,5,4,0.8,0.0,0.026213,0.001963,0.001917,733.0,1460.23,2932.0,0,4203.07,corporate,0.3742,0,0,0,0,0,0,0.16657003152426725
ACC_0110,12,2,10,5.0,0.0,0.00097,0.00081,0.000217,1087.64,2061.13,10876.39,0,30454.38,personal,1.4535,0,1,0,0,0,0,0.14422728404406207
ACC_0111,4,2,2,1.0,0.0,0.001803,0.000676,1.4e-05,1412.98,2725.97,2825.97,0,6645.05,personal,-1.4247,0,0,0,0,0,0,0.047876012514018254
ACC_0112,6,2,4,2.0,0.0,8.5e-05,0.001017,0.002619,637.84,1071.29,2551.36,0,9640.36,personal,-0.7052,0,0,0,0,0,0,0.07759022642967209
ACC_0113,10,5,5,1.0,0.0222,0.001376,0.004453,0.003914,2514.69,4812.7,12573.45,0,3258.21,personal,0.7339,0,1,0,0,0,0,0.21803564116581162
ACC_0114,4,3,1,0.3333,0.0,0.006664,0.001224,0.007104,747.24,747.24,747.24,0,6433.87,personal,-1.4247,0,0,0,0,0,0,0.06685526515306874
ACC_0115,6,3,3,1.0,0.0,0.008563,0.002177,0.004357,2342.53,3211.84,7027.59,0,13937.65,business,-0.7052,0,0,0,0,0,0,0.11915598487732737
ACC_0116,4,2,2,1.0,0.0,0.0,0.0015,0.000848,229677.48,234871.15,459354.97,1,100633.87,business,-1.4247,1,1,0,1,1,1,0.31591276828253695
ACC_0117,8,7,1,0.1429,0.0357,0.008913,0.00292,0.000525,874.64,874.64,874.64,0,140.05,business,0.0144,0,1,0,0,0,0,0.16091790961678673
ACC_0118,13,4,9,2.25,0.0128,0.09979,0.002381,0.00038,1361.23,2447.77,12251.11,0,358.47,personal,1.8132,1,1,1,0,1,1,0.3064248297928168
ACC_0119,8,6,2,0.3333,0.0,0.002249,0.002197,0.000531,4336.25,7184.72,8672.51,0,6123.74,business,0.0144,0,0,0,0,0,0,0.13841305674937976
ACC_0120,6,1,5,5.0,0.0,0.002821,0.000516,2.6e-05,522.98,1091.61,2614.92,0,15066.83,personal,-0.7052,0,0,0,0,0,0,0.06737260836148733
ACC_0121,6,3,3,1.0,0.0667,0.009642,0.000546,0.008575,2158.63,4362.54,6475.88,0,9339.59,business,-0.7052,0,0,0,0,0,0,0.07746328789713332
ACC_0122,10,9,1,0.1111,0.0222,3.2e-05,0.005232,0.013154,2651.27,2651.27,2651.27,0,2005.29,personal,0.7339,0,1,0,0,0,0,0.2370878137730201
ACC_0123,10,8,2,0.25,0.0,0.002,0.002889,0.001629,1532.53,2605.0,3065.06,0,16232.8,personal,0.7339,0,0,0,0,0,0,0.1767254527674041
ACC_0124,9,5,4,0.8,0.0,0.01237,0.001407,0.00068,680.77,914.25,2723.07,0,33727.2,personal,0.3742,0,0,0,0,0,0,0.1366906090508636
ACC_0125,6,2,4,2.0,0.0,0.00868,0.000635,9.9e-05,3113.32,7412.55,12453.27,0,4104.43,personal,-0.7052,0,0,0,0,0,0,0.07977024449934235
ACC_0126,6,3,3,1.0,0.0667,0.001972,0.001828,0.000904,126639.6,197673.68,379918.81,1,38178.94,personal,-0.7052,1,1,0,1,0,1,0.23804649583485357
ACC_0127,10,7,3,0.4286,0.0,0.01039,0.003118,0.479428,606.9,1542.57,1820.71,0,5893.06,personal,0.7339,0,1,1,0,0,0,0.19096699620377056
ACC_0128,5,4,1,0.25,0.0,0.000266,0.001812,0.005563,142.5,142.5,142.5,0,3473.07,personal,-1.0649,0,0,0,0,0,0,0.08629101864772296
ACC_0129,10,5,5,1.0,0.0,0.006072,0.00347,0.009757,2597.02,7706.63,12985.1,0,4253.94,personal,0.7339,0,0,0,0,0,0,0.19758117669538366
ACC_0130,10,1,9,9.0,0.0222,0.003674,0.000518,7e-06,789.32,1343.62,7103.9,0,3575.34,personal,0.7339,0,1,0,0,0,0,0.11571474289468724
ACC_0131,9,2,7,3.5,0.0,0.007328,0.000814,0.001666,1656.03,3952.4,11592.22,0,2026.51,corporate,0.3742,0,0,0,0,0,0,0.11667093657362232
ACC_0132,9,5,4,0.8,0.0,0.004173,0.001657,0.00259,1461.04,3494.12,5844.14,0,598.27,personal,0.3742,0,0,0,0,0,0,0.13503909722667898
ACC_0133,7,5,2,0.4,0.0,0.003795,0.001826,0.124691,632.21,844.32,1264.42,0,3372.73,personal,-0.3454,0,1,0,0,0,0,0.1146131869704915
ACC_0134,8,3,5,1.6667,0.0,0.007686,0.001259,0.000655,720.02,1087.0,3600.12,0,21706.03,personal,0.0144,0,0,0,0,0,0,0.11592791536228443
ACC_0135,6,2,4,2.0,0.0,0.010962,0.001947,0.000981,2280.62,4033.26,9122.48,0,3885.64,personal,-0.7052,0,0,0,0,0,0,0.1157162218578862
ACC_0136,6,1,5,5.0,0.0,0.001972,0.000359,0.00036,67916.1,83539.8,339580.48,1,24638.87,corporate,-0.7052,0,1,0,1,0,0,0.13568355586038622
ACC_0137,11,7,4,0.5714,0.0182,0.021412,0.006897,0.010549,1882.71,4250.93,7530.84,0,15546.54,personal,1.0937,1,1,0,0,1,1,0.3151759497032495
ACC_0138,9,3,6,2.0,0.0556,0.057207,0.000624,0.004323,1312.69,5051.43,7876.13,0,5173.97,business,0.3742,1,1,0,0,0,0,0.16635353088692675
ACC_0139,9,7,2,0.2857,0.0,0.013352,0.003911,0.002936,951.69,991.64,1903.38,0,14313.61,personal,0.3742,0,0,0,0,0,0,0.20359803007565733
ACC_0140,8,4,4,1.0,0.0,0.016664,0.004699,0.003087,1690.42,4715.88,6761.67,0,11620.8,personal,0.0144,0,0,0,0,0,0,0.21691314642510606
ACC_0141,9,2,7,3.5,0.0278,0.00763,0.000649,6.3e-05,863.99,2425.39,6047.92,0,11621.11,personal,0.3742,0,1,0,0,0,0,0.11182397865619666
ACC_0142,6,1,5,5.0,0.0667,0.000185,0.000508,1.8e-05,1775.0,4972.74,8875.01,0,3639.55,corporate,-0.7052,0,1,0,0,0,0,0.0656179082692847
ACC_0143,9,4,5,1.25,0.0278,0.010604,0.002695,0.001293,741.07,1417.12,3705.37,0,8542.33,personal,0.3742,0,0,0,0,0,0,0.16851460588247322
ACC_0144,12,8,4,0.5,0.0152,0.067094,0.003679,0.001304,407.99,732.62,1631.96,0,29033.33,personal,1.4535,1,1,0,0,1,1,0.29151934378845645
ACC_0145,12,4,8,2.0,0.0303,0.032511,0.000634,0.001303,2255.42,5249.71,18043.39,0,13581.19,personal,1.4535,0,1,0,0,0,0,0.17568984433321708
ACC_0146,11,3,8,2.6667,0.0,0.034153,0.001204,0.007416,1672.63,4807.85,13381.01,0,12214.38,personal,1.0937,0,1,0,0,0,0,0.18001908228413624
ACC_0147,8,3,5,1.6667,0.0714,0.004008,0.001301,0.000469,2230.19,5284.64,11150.96,0,6053.29,personal,0.0144,0,1,0,0,0,0,0.11461311901269945
ACC_0148,6,3,3,1.0,0.0,0.011783,0.00078,0.005571,945.06,1233.3,2835.18,0,11668.7,personal,-0.7052,0,0,0,0,0,0,0.08462810753371354
ACC_0149,14,5,9,1.8,0.022,0.0,0.00145,0.000923,138947.59,229201.65,1250528.3,1,65070.13,personal,2.173,1,1,1,1,1,1,0.33349340773668823
ACC_0150,3,1,2,2.0,0.0,0.000696,0.000439,0.001727,1592.64,2877.78,3185.28,0,1795.98,business,-1.7845,0,1,0,0,0,0,0.028883335859080348
ACC_0151,4,2,2,1.0,0.0,0.009227,0.000555,6e-05,936.42,1455.63,1872.84,0,3546.19,business,-1.4247,0,0,0,0,0,0,0.05238120443514855
ACC_0152,6,4,2,0.5,0.0667,0.003557,0.001544,0.053447,1624.8,1692.29,3249.6,0,1709.26,personal,-0.7052,0,1,0,0,0,0,0.09628644696498934
ACC_0153,9,6,3,0.5,0.0833,0.062346,0.003113,0.074945,1044.83,2340.37,3134.48,0,10941.32,personal,0.3742,1,1,0,0,0,0,0.23686812644388094
ACC_0154,10,7,3,0.4286,0.0222,0.010443,0.003521,0.003124,1567.29,2696.81,4701.86,0,1009.49,personal,0.7339,0,1,0,0,0,0,0.20261726014883794
ACC_0155,9,5,4,0.8,0.0556,0.0,0.003099,0.001843,150052.41,209873.13,600209.65,1,7807.13,business,0.3742,1,1,0,1,1,1,0.32991126305486507
ACC_0156,9,1,8,8.0,0.0,0.003936,0.001098,0.000248,1553.18,4215.5,12425.46,0,2158.23,personal,0.3742,0,0,0,0,0,0,0.12024901111344387
ACC_0157,11,3,8,2.6667,0.0,0.018008,0.000905,0.000249,1611.66,4366.36,12893.25,0,4759.04,business,1.0937,0,1,0,0,0,0,0.1543161201855182
ACC_0158,10,6,4,0.6667,0.0,0.035794,0.001498,0.00039,1290.56,2732.58,5162.24,0,1758.87,business,0.7339,0,1,0,0,0,0,0.17734283605657847
ACC_0159,13,3,10,3.3333,0.0,0.047328,0.000973,0.000111,1419.56,4060.04,14195.58,0,13120.41,business,1.8132,0,1,0,0,0,0,0.2117630152616274
ACC_0160,10,5,5,1.0,0.0222,0.009151,0.00269,0.023111,1595.78,4872.9,7978.9,0,7738.37,personal,0.7339,0,0,0,0,0,0,0.17947579037927547
ACC_0161,7,6,1,0.1667,0.0,0.001771,0.002269,0.013135,1277.92,1277.92,1277.92,0,51142.41,corporate,-0.3454,0,0,0,0,0,0,0.12467628638889398
ACC_0162,9,3,6,2.0,0.0,0.018547,0.000877,0.000596,1767.27,2612.14,10603.62,0,34137.64,personal,0.3742,0,0,0,0,0,0,0.13081798026549496
ACC_0163,7,6,1,0.1667,0.0952,0.0,0.003955,0.002903,28468.76,28468.76,28468.76,1,59911.78,personal,-0.3454,0,1,0,0,0,0,0.1964414699110651
ACC_0164,9,4,5,1.25,0.0556,0.034036,0.002281,0.107948,1019.98,1839.25,5099.9,0,6363.06,personal,0.3742,0,1,0,0,0,0,0.18383505336898737
ACC_0165,8,1,7,7.0,0.0,0.005553,0.000353,3.1e-05,1700.05,3976.95,11900.35,0,1197.34,personal,0.0144,0,1,0,0,0,0,0.09093162069143107
ACC_0166,10,8,2,0.25,0.0,0.002346,0.003149,0.011436,3044.29,5486.26,6088.58,0,16488.27,business,0.7339,0,0,0,0,0,0,0.185556843691183
ACC_0167,9,1,8,8.0,0.0278,0.000141,0.000467,2.4e-05,1980.72,3321.14,15845.8,0,35263.87,business,0.3742,0,1,0,0,0,0,0.10001444477902158
ACC_0168,7,3,4,1.3333,0.0,0.005231,0.001041,0.01457,3110.44,5676.15,12441.77,0,6585.95,personal,-0.3454,0,0,0,0,0,0,0.09835166970751057
ACC_0169,18,7,11,1.5714,0.0196,0.024386,0.002584,0.021139,1002.74,2588.52,11030.18,0,15800.01,corporate,3.6121,1,1,1,1,1,1,0.2869818075932986
ACC_0170,5,2,3,1.5,0.0,0.009272,0.001171,0.01118,953.89,1553.78,2861.68,0,209.08,personal,-1.0649,0,0,0,0,0,0,0.08033516068281733
ACC_0171,9,2,7,3.5,0.0278,0.0194,0.001468,7.8e-05,1961.65,7859.39,13731.57,0,73874.97,personal,0.3742,0,1,0,0,0,0,0.14743696846174167
ACC_0172,9,6,3,0.5,0.0,0.011461,0.002139,0.00142,600.16,804.43,1800.47,0,1061.8,personal,0.3742,0,0,0,0,0,0,0.15475630406558663
ACC_0173,12,6,6,1.0,0.0152,0.135963,0.00298,0.008727,1537.65,2903.2,9225.92,0,15118.74,corporate,1.4535,1,1,1,0,1,1,0.3504354044462823
ACC_0174,6,3,3,1.0,0.0,0.005388,0.002116,0.000506,741.25,1071.51,2223.74,0,545.01,personal,-0.7052,0,0,0,0,0,0,0.1123138708724464
ACC_0175,9,6,3,0.5,0.0,0.003119,0.001819,0.079026,1775.71,3204.64,5327.14,0,3436.78,personal,0.3742,0,1,0,0,0,0,0.13845829924750086
ACC_0176,7,3,4,1.3333,0.0,0.015581,0.001764,0.002368,783.46,1808.65,3133.84,0,4010.85,personal,-0.3454,0,0,0,0,0,0,0.12615809537070571
ACC_0177,9,4,5,1.25,0.0278,0.014579,0.001617,0.006896,1226.38,3256.24,6131.89,0,10583.73,corporate,0.3742,0,0,0,0,0,0,0.14521721149512126
ACC_0178,10,7,3,0.4286,0.0222,0.006503,0.003619,0.01964,1665.39,3618.18,4996.18,0,665.88,business,0.7339,0,1,0,0,0,0,0.2009419086484302
ACC_0179,10,5,5,1.0,0.0,0.006575,0.001565,0.000234,1440.13,3598.01,7200.66,0,4495.5,business,0.7339,0,0,0,0,0,0,0.1470234081827686
ACC_0180,5,4,1,0.25,0.0,0.000982,0.001891,0.044658,343.05,343.05,343.05,0,2424.82,business,-1.0649,0,1,0,0,0,0,0.08936664782807158
ACC_0181,10,7,3,0.4286,0.0,0.018897,0.002849,0.001084,507.43,769.12,1522.29,0,1214.77,business,0.7339,0,1,0,0,0,0,0.19320432601549326
ACC_0182,9,7,2,0.2857,0.0,0.005433,0.005143,0.015296,1574.1,2332.69,3148.19,0,16843.11,personal,0.3742,0,1,0,0,0,0,0.22778012212500706
ACC_0183,9,5,4,0.8,0.0,0.0,0.001617,0.001339,167610.72,247419.79,670442.86,1,27903.15,personal,0.3742,1,1,0,1,1,1,0.31023955839709394
ACC_0184,9,6,3,0.5,0.0278,0.005887,0.001396,0.002436,1042.48,2586.56,3127.45,0,980.31,business,0.3742,0,0,0,0,0,0,0.12964414308080963
ACC_0185,10,3,7,2.3333,0.0,0.009634,0.001111,0.010167,1655.25,2840.43,11586.77,0,5730.67,business,0.7339,0,1,0,0,0,0,0.1387512945874228
ACC_0186,5,3,2,0.6667,0.0,0.007336,0.000888,0.000251,2033.22,2897.27,4066.44,0,1959.06,personal,-1.0649,0,0,0,0,0,0,0.07196806800703784
ACC_0187,8,4,4,1.0,0.0357,0.005296,0.001753,0.002963,1593.29,2381.18,6373.16,0,11.05,personal,0.0144,0,1,0,0,0,0,0.12716958274115778
ACC_0188,7,3,4,1.3333,0.0476,0.001143,0.000784,0.001589,2813.8,6667.12,11255.21,0,1100.49,business,-0.3454,0,0,0,0,0,0,0.08679309643518321
ACC_0189,14,11,3,0.2727,0.022,0.030346,0.006033,0.046943,2232.13,3690.79,6696.39,0,11951.52,personal,2.173,1,1,1,0,1,1,0.33809606708786033
ACC_0190,5,3,2,0.6667,0.0,0.028016,0.002419,0.000164,240.22,314.82,480.44,0,17.36,corporate,-1.0649,0,0,0,0,0,0,0.1328973923091535
ACC_0191,4,2,2,1.0,0.0,0.001082,0.001318,0.024088,314.9,352.13,629.79,0,4772.82,personal,-1.4247,0,0,0,0,0,0,0.06268633742974988
ACC_0192,6,2,4,2.0,0.0,0.000893,0.000993,0.007433,1839.42,4596.95,7357.67,0,7004.5,personal,-0.7052,0,0,0,0,0,0,0.07916146976088184
ACC_0193,9,4,5,1.25,0.0,0.021976,0.00142,0.002086,1554.98,4047.25,7774.88,0,2985.76,business,0.3742,0,0,0,0,0,0,0.14858011495821236
ACC_0194,9,4,5,1.25,0.0278,0.001151,0.001434,0.003794,2330.32,6612.64,11651.61,0,8048.65,personal,0.3742,0,0,0,0,0,0,0.1268154358911806
ACC_0195,8,4,4,1.0,0.0,0.020298,0.001018,0.001927,1219.36,2852.83,4877.45,0,18274.02,personal,0.0144,0,0,0,0,0,0,0.12407859921307657
ACC_0196,10,4,6,1.5,0.0222,0.008253,0.00276,0.00246,2023.25,3840.8,12139.51,0,6259.16,personal,0.7339,0,0,0,0,0,0,0.18078225853430832
ACC_0197,5,1,4,4.0,0.0,0.004137,0.000521,4.5e-05,918.08,1517.91,3672.34,0,5873.03,business,-1.0649,0,0,0,0,0,0,0.05762067654529205
ACC_0198,10,3,7,2.3333,0.0,0.005964,0.00165,0.002903,1321.68,4160.46,9251.75,0,1516.48,personal,0.7339,0,1,0,0,0,0,0.14844482884969679
ACC_0199,5,3,2,0.6667,0.0,0.000149,0.000946,0.001279,5703.72,9197.95,11407.43,0,6316.86,personal,-1.0649,0,0,0,0,0,0,0.06955219664722849
ACC_0200,8,2,6,3.0,0.0,0.001167,0.000468,0.00038,3336.86,8336.66,20021.18,0,23191.51,business,0.0144,0,0,0,0,0,0,0.09088396933390457
ACC_0201,12,6,6,1.0,0.0303,0.039155,0.002518,0.003086,1783.43,4467.45,10700.55,0,5830.36,corporate,1.4535,0,1,0,0,0,0,0.23180990502392657
ACC_0202,8,6,2,0.3333,0.0476,0.030772,0.001437,0.008306,659.7,1204.62,1319.39,0,7289.84,personal,0.0144,0,1,0,0,0,0,0.14598990910991205
ACC_0203,8,3,5,1.6667,0.0,0.034664,0.001836,0.007044,1717.0,5828.46,8585.02,0,28764.48,personal,0.0144,0,0,0,0,0,0,0.1618763222114867
ACC_0204,5,4,1,0.25,0.1,0.035859,0.004671,0.006745,229.18,229.18,229.18,0,3996.41,personal,-1.0649,0,1,0,0,0,0,0.20047245708264932
ACC_0205,7,6,1,0.1667,0.0,0.0,0.002045,0.012312,4631.43,4631.43,4631.43,0,450.98,personal,-0.3454,0,0,0,0,0,0,0.12051065191593743
ACC_0206,9,5,4,0.8,0.0,0.020273,0.003767,0.003562,824.14,2294.63,3296.58,0,21009.88,personal,0.3742,0,0,0,0,0,0,0.20732627792879324
ACC_0207,9,5,4,0.8,0.0,0.025062,0.002149,0.002917,1620.96,3232.58,6483.85,0,6911.27,business,0.3742,0,0,0,0,0,0,0.17113431036511623
ACC_0208,2,0,2,2000000000.0,1.0,0.0,0.00033,0.0,914.67,1434.56,1829.34,0,1429.19,personal,-2.1442,0,1,1,1,0,1,0.046093641831323875
ACC_0209,6,4,2,0.5,0.0,0.015956,0.001454,0.001678,361.11,491.22,722.22,0,877.57,personal,-0.7052,0,0,0,0,0,0,0.10623475030769389
ACC_0210,7,4,3,0.75,0.0,0.003662,0.000627,0.010653,1591.19,3236.77,4773.58,0,6679.38,business,-0.3454,0,0,0,0,0,0,0.08413271473354392
ACC_0211,12,7,5,0.7143,0.0,0.021312,0.003157,0.009612,1793.49,4456.83,8967.45,0,15695.29,personal,1.4535,0,1,0,0,0,0,0.22885821417573143
ACC_0212,12,5,7,1.4,0.0152,0.045734,0.003059,0.01371,565.15,1609.31,3956.05,0,310.4,personal,1.4535,0,1,0,0,0,0,0.25189990743302937
ACC_0213,10,3,7,2.3333,0.0222,0.01429,0.000916,7.3e-05,1377.79,3969.39,9644.54,0,728.09,business,0.7339,0,1,0,0,0,0,0.13848286725878498
ACC_0214,12,6,6,1.0,0.0303,0.015791,0.001259,0.003661,1505.14,2159.48,9030.83,0,1116.45,business,1.4535,0,1,0,0,0,0,0.17278309939701222
ACC_0215,7,5,2,0.4,0.0,0.007859,0.00235,0.002753,2274.9,4441.33,4549.81,0,1699.46,business,-0.3454,0,0,0,0,0,0,0.13459776789356734
ACC_0216,6,2,4,2.0,0.0,0.001634,0.001295,0.00379,1572.96,3169.17,6291.82,0,9975.22,personal,-0.7052,0,0,0,0,0,0,0.08759221006304811
ACC_0217,13,7,6,0.8571,0.0128,0.0,0.002933,0.00969,161785.5,232428.44,970712.98,1,3016.03,personal,1.8132,1,1,1,1,1,1,0.3853971693085574
ACC_0218,10,2,8,4.0,0.0,0.042422,0.000601,3.6e-05,1824.64,5420.57,14597.14,0,19080.84,corporate,0.7339,0,1,0,0,0,0,0.16176215766304702
ACC_0219,10,2,8,4.0,0.0,0.012539,0.000866,0.167658,1097.94,3570.28,8783.52,0,25185.07,personal,0.7339,0,1,1,0,0,0,0.13493799047341742
ACC_0220,5,4,1,0.25,0.0,0.005521,0.001508,0.025564,417.14,417.14,417.14,0,49965.01,personal,-1.0649,0,1,0,0,0,0,0.08443187748572634
ACC_0221,6,3,3,1.0,0.0,0.002672,0.000833,0.00034,1968.32,2221.4,5904.95,0,97.97,personal,-0.7052,0,0,0,0,0,0,0.0770772755870168
ACC_0222,9,4,5,1.25,0.0278,0.014193,0.001246,0.001293,1781.16,5682.4,8905.79,0,2164.64,business,0.3742,0,0,0,0,0,0,0.13568623794452372
ACC_0223,3,2,1,0.5,0.0,0.001461,0.001122,0.000862,661.62,661.62,661.62,0,7342.29,corporate,-1.7845,0,0,0,0,0,0,0.04658788055118401
ACC_0224,12,5,7,1.4,0.0303,0.017485,0.001036,0.007711,898.04,1404.39,6286.3,0,699.05,personal,1.4535,0,1,0,0,0,0,0.16815530977884763
ACC_0225,11,9,2,0.2222,0.0,0.006728,0.003841,0.006276,1589.14,1845.27,3178.29,0,41144.16,corporate,1.0937,0,1,0,0,0,0,0.2186815396864414
ACC_0226,9,2,7,3.5,0.0,0.004909,0.000694,0.000204,2423.49,7561.11,16964.44,0,33561.47,personal,0.3742,0,0,0,0,0,0,0.11169718846494801
ACC_0227,10,3,7,2.3333,0.0222,0.026209,0.001284,0.000447,1182.4,2118.18,8276.8,0,6837.04,personal,0.7339,0,1,0,0,0,0,0.16105020338804735
ACC_0228,4,3,1,0.3333,0.0,0.021976,0.002173,0.000598,182.59,182.59,182.59,0,19978.7,business,-1.4247,0,0,0,0,0,0,0.10796861204639614
ACC_0229,8,3,5,1.6667,0.0,0.032503,0.009154,0.000638,1014.68,2457.47,5073.4,0,20722.06,personal,0.0144,1,1,1,0,1,1,0.35023825465696934
ACC_0230,7,2,5,2.5,0.0,0.002748,0.000663,3.4e-05,930.56,1912.08,4652.82,0,7551.36,personal,-0.3454,0,0,0,0,0,0,0.0833473800967793
ACC_0231,13,8,5,0.625,0.0256,0.023618,0.006747,0.041516,1143.05,2593.98,5715.27,0,4887.68,personal,1.8132,1,1,0,0,1,1,0.3364085365485633
ACC_0232,5,0,5,5000000000.0,0.0,0.0,0.00033,0.0,1887.05,6918.29,9435.24,0,20067.99,corporate,-1.0649,0,1,1,1,0,1,0.13244617843840942
ACC_0233,6,4,2,0.5,0.0,0.002076,0.002666,0.003453,1375.12,1810.18,2750.25,0,5984.92,personal,-0.7052,0,0,0,0,0,0,0.12374327502930979
ACC_0234,6,4,2,0.5,0.0,0.000632,0.001768,0.0007,1961.97,2918.85,3923.94,0,24826.68,corporate,-0.7052,0,0,0,0,0,0,0.09928850214000531
ACC_0235,8,1,7,7.0,0.0,0.000113,0.000974,0.00014,104786.05,222499.98,733502.37,1,31973.03,business,0.0144,1,1,0,1,0,1,0.21338876954337888
ACC_0236,8,3,5,1.6667,0.0,0.0,0.000872,0.002029,90209.15,178361.49,451045.74,1,42409.68,personal,0.0144,1,1,0,0,0,0,0.1947280791442641
ACC_0237,15,7,8,1.1429,0.0,0.030837,0.003814,0.015309,1466.3,3968.97,11730.42,0,5000.07,business,2.5328,1,1,0,0,1,1,0.2914981146097234
ACC_0238,17,6,11,1.8333,0.0074,0.028459,0.001553,0.009628,1465.01,6106.75,16115.15,0,3424.66,personal,3.2523,1,1,1,1,0,1,0.25323272631465343
ACC_0239,7,2,5,2.5,0.0,0.00196,0.000569,9e-06,104809.48,182919.27,524047.39,1,21066.61,personal,-0.3454,1,1,0,1,0,1,0.19308848977224174
ACC_0240,4,1,3,3.0,0.0,0.002,0.000586,0.000381,1619.93,2231.89,4859.8,0,106.33,business,-1.4247,0,0,0,0,0,0,0.045963331796993495
ACC_0241,9,5,4,0.8,0.0,0.000877,0.00337,0.008703,2569.06,3748.28,10276.26,0,3105.73,business,0.3742,0,0,0,0,0,0,0.1774377195132476
ACC_0242,5,3,2,0.6667,0.0,0.005203,0.001211,6.6e-05,1590.02,3080.05,3180.05,0,182.84,personal,-1.0649,0,0,0,0,0,0,0.0775852798337277
ACC_0243,3,1,2,2.0,0.0,0.008193,0.00043,0.000207,234.0,368.0,468.0,0,2502.96,personal,-1.7845,0,1,0,0,0,0,0.03543995156404343
ACC_0244,7,4,3,0.75,0.0476,0.0,0.000622,0.000515,139196.09,216777.09,417588.26,1,210443.28,business,-0.3454,1,1,0,1,0,1,0.2297423710216175
ACC_0245,6,6,0,0.0,0.0,0.0,0.000883,0.000884,0.0,0.0,0.0,0,24732.48,business,-0.7052,0,0,0,0,0,0,0.0732954215393741
ACC_0246,9,4,5,1.25,0.0,0.0,0.002088,0.001794,92312.5,206208.83,461562.49,1,170733.68,business,0.3742,1,1,0,0,0,0,0.24060470625598032
ACC_0247,8,3,5,1.6667,0.0357,0.002016,0.000787,0.003782,1878.21,3013.43,9391.03,0,4003.78,personal,0.0144,0,1,0,0,0,0,0.09858106767313571
ACC_0248,4,4,0,0.0,0.0,0.0,0.001864,0.005763,0.0,0.0,0.0,0,29834.78,personal,-1.4247,0,1,0,0,0,0,0.07543857068125895
ACC_0249,6,4,2,0.5,0.0,0.001573,0.00148,0.113139,3083.36,4199.84,6166.73,0,11492.29,personal,-0.7052,0,1,0,0,0,0,0.0940103673958184
ACC_0250,10,6,4,0.6667,0.0222,0.013718,0.001878,0.001014,1910.91,4095.22,7643.63,0,449.16,business,0.7339,0,0,0,0,0,0,0.16360744013545087
ACC_0251,8,3,5,1.6667,0.0,0.005058,0.003159,0.003051,1080.59,1722.37,5402.96,0,2623.6,business,0.0144,0,0,0,0,0,0,0.16314366647646783
ACC_0252,6,4,2,0.5,0.0,0.000229,0.002327,0.001398,4541.12,6942.91,9082.23,0,10812.85,personal,-0.7052,0,0,0,0,0,0,0.1162801673072163
ACC_0253,15,10,5,0.5,0.0095,0.071054,0.004398,0.05515,1189.08,4513.09,5945.39,0,1772.14,personal,2.5328,1,1,1,1,1,1,0.3508485768655603
ACC_0254,7,4,3,0.75,0.0,0.02371,0.00124,0.001593,3146.26,6079.84,9438.79,0,1186.0,personal,-0.3454,0,0,0,0,0,0,0.12398524299592523
ACC_0255,6,5,1,0.2,0.0,0.000133,0.001415,0.003176,2378.85,2378.85,2378.85,0,14305.97,business,-0.7052,0,0,0,0,0,0,0.0899538166930141
ACC_0256,5,2,3,1.5,0.0,0.009428,0.000395,5.3e-05,713.27,1215.08,2139.82,0,59.67,business,-1.0649,0,0,0,0,0,0,0.05993760098265279
ACC_0257,7,3,4,1.3333,0.0476,0.020966,0.001293,0.001386,532.53,1025.17,2130.12,0,352.7,personal,-0.3454,0,1,0,0,0,0,0.11949994723875786
ACC_0258,7,4,3,0.75,0.0,0.001968,0.001727,0.000528,69722.81,171469.23,209168.44,1,192031.14,personal,-0.3454,1,1,0,0,0,0,0.18521068998979184
ACC_0259,10,4,6,1.5,0.0222,0.012547,0.001769,0.089317,1536.42,3072.1,9218.55,0,3496.24,personal,0.7339,0,1,0,0,0,0,0.15905541185661545
ACC_0260,7,3,4,1.3333,0.0952,0.022571,0.000864,0.001048,2335.75,7964.7,9342.99,0,26895.58,personal,-0.3454,0,1,0,0,0,0,0.11200658504855926
ACC_0261,9,5,4,0.8,0.0,0.012382,0.002119,0.000566,812.8,2726.47,3251.19,0,15377.11,business,0.3742,0,0,0,0,0,0,0.15548044857955887
ACC_0262,6,3,3,1.0,0.0,0.012744,0.000999,0.000915,890.97,2380.65,2672.9,0,11490.11,personal,-0.7052,0,0,0,0,0,0,0.09136062972084641
ACC_0263,7,1,6,6.0,0.0,0.0,0.00049,7.3e-05,1119.46,2728.51,6716.73,0,4278.31,personal,-0.3454,0,1,0,0,0,0,0.07599391430779348
ACC_0264,12,4,8,2.0,0.0182,0.04198,0.001752,0.002164,2182.29,8980.24,17458.31,0,1722.81,corporate,1.4535,0,1,0,0,0,0,0.21531465729688723
ACC_0265,7,2,5,2.5,0.0,0.00866,0.003622,0.001095,1406.61,3596.2,7033.06,0,776.07,personal,-0.3454,0,0,0,0,0,0,0.167824314320597
ACC_0266,10,5,5,1.0,0.0444,0.056788,0.001422,0.002411,840.48,1495.19,4202.42,0,14343.33,personal,0.7339,1,1,0,0,0,0,0.19802547606095094
ACC_0267,7,2,5,2.5,0.0476,0.005915,0.000478,0.000116,1731.31,5936.2,8656.54,0,1050.51,personal,-0.3454,0,1,0,0,0,0,0.08287153742185557
ACC_0268,11,8,3,0.375,0.0182,0.003895,0.001333,0.004707,1715.23,3324.07,5145.7,0,2042.84,personal,1.0937,0,0,0,0,0,0,0.15005947841405062
ACC_0269,12,6,6,1.0,0.0152,0.024414,0.002437,0.007156,1063.08,2409.13,6378.49,0,7675.19,personal,1.4535,0,1,0,0,0,0,0.2126431834385657
ACC_0270,7,3,4,1.3333,0.0,0.004857,0.00102,0.001763,2136.62,4973.44,8546.49,0,394.89,personal,-0.3454,0,0,0,0,0,0,0.09632950555435671
ACC_0271,6,4,2,0.5,0.0,0.002487,0.00123,0.002491,1974.07,2398.12,3948.15,0,10795.38,personal,-0.7052,0,0,0,0,0,0,0.08726884009348339
ACC_0272,10,5,5,1.0,0.0222,0.007292,0.002189,0.021631,725.86,1728.73,3629.31,0,671.93,personal,0.7339,0,0,0,0,0,0,0.1633669085518996
ACC_0273,4,2,2,1.0,0.0,0.006443,0.000834,0.000115,1227.86,1271.08,2455.71,0,2043.07,personal,-1.4247,0,0,0,0,0,0,0.056928378591488256
ACC_0274,15,6,9,1.5,0.0095,0.027183,0.001526,0.002868,1555.48,5129.57,13999.31,0,823.22,business,2.5328,1,1,0,0,0,0,0.22768746942709892
ACC_0275,5,2,3,1.5,0.0,0.003791,0.00054,0.000886,783.49,1342.95,2350.47,0,23365.19,personal,-1.0649,0,0,0,0,0,0,0.05758968205097934
ACC_0276,7,4,3,0.75,0.0,0.001972,0.005629,0.016192,60530.36,95656.79,181591.08,1,136625.85,personal,-0.3454,0,1,1,0,1,1,0.2773237870109778
ACC_0277,8,7,1,0.1429,0.0,0.000282,0.002471,0.001393,1808.98,1808.98,1808.98,0,13148.95,personal,0.0144,0,1,0,0,0,0,0.14066261260400542
ACC_0278,7,3,4,1.3333,0.0,0.020096,0.00625,0.001244,333.35,486.99,1333.4,0,11748.3,business,-0.3454,1,0,0,0,0,0,0.24804695672153065
ACC_0279,8,3,5,1.6667,0.0,0.006507,0.001158,0.000975,1369.88,2646.84,6849.41,0,2911.89,business,0.0144,0,0,0,0,0,0,0.11269140685015257
ACC_0280,7,4,3,0.75,0.0,0.018531,0.000966,0.004534,281.95,645.85,845.85,0,11295.7,personal,-0.3454,0,0,0,0,0,0,0.10798328229081408
ACC_0281,11,5,6,1.2,0.0545,0.015058,0.001291,6.8e-05,1969.29,4551.6,11815.73,0,11832.0,personal,1.0937,0,1,0,0,0,0,0.16155237013308962
ACC_0282,5,2,3,1.5,0.0,0.0,0.000857,0.004973,2798.91,4585.66,8396.74,0,14299.1,personal,-1.0649,0,0,0,0,0,0,0.06389686678240054
ACC_0283,10,4,6,1.5,0.0222,0.040732,0.001831,0.004391,1251.15,3755.18,7506.9,0,16039.39,personal,0.7339,0,1,0,0,0,0,0.1914622835968156
ACC_0284,7,2,5,2.5,0.0,0.042116,0.000493,7.7e-05,1168.29,3050.96,5841.46,0,16590.57,personal,-0.3454,0,1,0,0,0,0,0.12258968544603659
ACC_0285,4,1,3,3.0,0.0,4.4e-05,0.001109,0.002552,178.98,264.07,536.93,0,196.04,personal,-1.4247,0,0,0,0,0,0,0.05592374093528441
ACC_0286,5,1,4,4.0,0.0,1.6e-05,0.000524,3.1e-05,2562.68,3555.96,10250.71,0,11759.48,personal,-1.0649,0,0,0,0,0,0,0.05494284735653616
ACC_0287,9,5,4,0.8,0.0,0.005231,0.001624,0.005717,1727.13,3324.03,6908.52,0,9778.72,personal,0.3742,0,0,0,0,0,0,0.13563235797546586
ACC_0288,5,2,3,1.5,0.0,0.004298,0.000445,0.007507,1662.55,3014.6,4987.65,0,20619.55,personal,-1.0649,0,0,0,0,0,0,0.056619737388094005
ACC_0289,7,5,2,0.4,0.0476,0.014523,0.002988,0.051934,329.84,559.67,659.67,0,1260.71,personal,-0.3454,0,1,0,0,0,0,0.15652892756073286
ACC_0290,9,4,5,1.25,0.0278,0.002306,0.002506,0.016165,2397.75,4382.53,11988.77,0,11231.14,business,0.3742,0,0,0,0,0,0,0.15621708751809463
ACC_0291,9,7,2,0.2857,0.0,0.008797,0.003746,0.007452,755.91,1112.64,1511.82,0,6402.15,personal,0.3742,0,0,0,0,0,0,0.1940416478811018
ACC_0292,7,3,4,1.3333,0.0476,0.026515,0.000447,0.003575,914.34,1474.37,3657.36,0,6556.9,corporate,-0.3454,0,1,0,0,0,0,0.10389778725564265
ACC_0293,7,3,4,1.3333,0.0,0.014773,0.00157,0.000601,1850.59,3145.95,7402.37,0,1626.52,personal,-0.3454,0,0,0,0,0,0,0.12135129045127388
ACC_0294,9,4,5,1.25,0.0278,0.02709,0.00114,0.013309,525.54,927.76,2627.72,0,14429.9,business,0.3742,0,1,0,0,0,0,0.14577402292902686
ACC_0295,9,4,5,1.25,0.0,0.020499,0.002545,0.000964,1653.36,5251.09,8266.81,0,7092.36,corporate,0.3742,0,0,0,0,0,0,0.17649872269214362
ACC_0296,9,6,3,0.5,0.0,0.00128,0.003186,0.021184,4486.26,7816.26,13458.78,0,1091.14,corporate,0.3742,0,1,0,0,0,0,0.1751539243133657
ACC_0297,14,8,6,0.75,0.0,0.042917,0.003029,0.431328,678.5,1184.67,4070.99,0,74706.75,business,2.173,0,1,1,1,0,1,0.27165977432783023
ACC_0298,8,5,3,0.6,0.0357,0.029537,0.00152,0.002655,732.94,1254.6,2198.81,0,9351.12,business,0.0144,0,0,0,0,0,0,0.14687921888403593
ACC_0299,8,5,3,0.6,0.0357,0.001944,0.002426,0.068088,570.43,1180.68,1711.29,0,5117.84,business,0.0144,0,1,0,0,0,0,0.1399704188238876
ACC_0300,6,3,3,1.0,0.0,0.002133,0.001649,0.000533,1765.56,2919.59,5296.69,0,32609.04,business,-0.7052,0,0,0,0,0,0,0.09761647380792361
ACC_0301,9,3,6,2.0,0.0556,0.002809,0.001023,0.000272,2333.71,4709.26,14002.26,0,18666.61,personal,0.3742,0,1,0,0,0,0,0.11789251756306939
ACC_0302,4,4,0,0.0,0.1667,0.0,0.001157,0.00052,0.0,0.0,0.0,0,15455.73,personal,-1.4247,0,1,0,0,0,0,0.05693653137444845
ACC_0303,13,5,8,1.6,0.0,0.001396,0.004566,0.009505,1918.18,4037.93,15345.46,0,720.04,personal,1.8132,0,1,0,0,0,0,0.25565971865174053
ACC_0304,11,5,6,1.2,0.0182,0.021364,0.002258,0.087356,1568.93,3187.09,9413.59,0,11242.33,business,1.0937,0,1,0,0,0,0,0.19337980875674057
ACC_0305,8,2,6,3.0,0.0,0.012471,0.001868,4.4e-05,1752.72,6767.71,10516.35,0,21848.85,personal,0.0144,0,0,0,0,0,0,0.1382684015193803
ACC_0306,8,4,4,1.0,0.0,0.007336,0.001061,0.001974,1182.53,2662.04,4730.12,0,6866.99,personal,0.0144,0,0,0,0,0,0,0.11086359730053755
ACC_0307,13,8,5,0.625,0.0513,0.055472,0.001707,0.114519,1269.16,3759.26,6345.78,0,14610.19,business,1.8132,1,1,0,0,0,0,0.239792728214941
ACC_0308,12,2,10,5.0,0.0303,0.012024,0.000818,0.154632,2712.33,5843.85,27123.3,0,3255.85,personal,1.4535,0,1,1,1,0,1,0.15840031904936458
ACC_0309,10,6,4,0.6667,0.0222,0.003272,0.004001,0.000543,3372.25,4653.93,13488.99,0,1496.98,personal,0.7339,0,1,0,0,0,0,0.20923208239489674
ACC_0310,8,4,4,1.0,0.0357,0.036044,0.004714,0.030053,795.48,1597.32,3181.94,0,21643.73,personal,0.0144,0,1,0,0,0,0,0.2377123830610306
ACC_0311,6,3,3,1.0,0.0,0.001952,0.000624,0.001224,1869.55,2512.84,5608.64,0,5458.6,personal,-0.7052,0,0,0,0,0,0,0.07070594693555307
ACC_0312,7,3,4,1.3333,0.0476,0.004865,0.001205,0.220606,2423.72,4670.76,9694.87,0,7153.91,personal,-0.3454,0,1,1,0,0,0,0.10149224548185701
ACC_0313,13,8,5,0.625,0.0152,0.027964,0.002869,0.033733,2372.26,4149.64,11861.31,0,3603.47,personal,1.8132,0,1,0,0,0,0,0.24105476389230382
ACC_0314,5,3,2,0.6667,0.0,0.003155,0.001669,0.010056,1275.46,1282.4,2550.91,0,6920.97,personal,-1.0649,0,0,0,0,0,0,0.0869692108326085
ACC_0315,8,5,3,0.6,0.0,0.009497,0.005941,0.005411,3253.45,9358.0,9760.34,0,3496.7,personal,0.0144,1,0,0,0,0,0,0.2432104225516549
ACC_0316,6,1,5,5.0,0.0,0.00262,0.00066,0.006822,1057.12,2105.05,5285.59,0,566.75,personal,-0.7052,0,0,0,0,0,0,0.07150070839850431
ACC_0317,6,2,4,2.0,0.0,0.00967,0.00148,0.000974,2942.73,6675.36,11770.93,0,19940.32,business,-0.7052,0,0,0,0,0,0,0.10279023900309153
ACC_0318,4,1,3,3.0,0.0,0.004173,0.000359,3e-06,863.4,1733.54,2590.19,0,1872.1,personal,-1.4247,0,0,0,0,0,0,0.04159666362100455
ACC_0319,8,2,6,3.0,0.0,0.013485,0.00057,0.007044,1089.64,2675.51,6537.82,0,3844.13,corporate,0.0144,0,1,0,0,0,0,0.10469695366037432
ACC_0320,8,1,7,7.0,0.0,6.8e-05,0.000754,0.000172,2212.9,4904.86,15490.29,0,19441.7,corporate,0.0144,0,1,0,0,0,0,0.09593265504234741
ACC_0321,10,5,5,1.0,0.0222,0.010934,0.002207,0.016755,2263.65,3610.75,11318.24,0,10960.87,personal,0.7339,0,0,0,0,0,0,0.16952982763935442
ACC_0322,9,4,5,1.25,0.0,0.016342,0.000923,0.02362,2382.72,4760.85,11913.59,0,8720.65,personal,0.3742,0,1,0,0,0,0,0.13025905012436936
ACC_0323,7,3,4,1.3333,0.0,0.013815,0.000949,0.009864,755.71,1392.79,3022.84,0,21724.91,personal,-0.3454,0,0,0,0,0,0,0.10285118952207717
ACC_0324,7,3,4,1.3333,0.0,0.003614,0.002829,0.005917,1897.79,4505.95,7591.18,0,1788.48,business,-0.3454,0,0,0,0,0,0,0.14203935866033937
ACC_0325,6,5,1,0.2,0.0,0.000551,0.003834,0.018429,1020.79,1020.79,1020.79,0,6681.55,business,-0.7052,0,1,0,0,0,0,0.1522414609349675
ACC_0326,14,9,5,0.5556,0.033,0.016109,0.007758,0.004184,1418.17,2826.99,7090.84,0,6294.95,business,2.173,1,1,1,0,1,1,0.3666461213104828
ACC_0327,6,3,3,1.0,0.0,0.012785,0.002625,0.001294,1825.96,4800.74,5477.87,0,34932.09,personal,-0.7052,0,0,0,0,0,0,0.1349756566297532
ACC_0328,8,5,3,0.6,0.0,0.006422,0.002863,0.010159,3483.86,6499.23,10451.58,0,17261.54,business,0.0144,0,0,0,0,0,0,0.15951814890271632
ACC_0329,7,3,4,1.3333,0.0476,0.000133,0.002046,0.011926,1178.91,2341.76,4715.63,0,2205.7,personal,-0.3454,0,0,0,0,0,0,0.11692554397793953
ACC_0330,6,3,3,1.0,0.0667,0.012809,0.00076,0.000294,1043.83,1616.48,3131.48,0,1672.26,business,-0.7052,0,0,0,0,0,0,0.08534414683763401
ACC_0331,11,7,4,0.5714,0.0182,0.028527,0.001539,0.000878,2120.2,7473.19,8480.8,0,4631.07,personal,1.0937,0,1,0,0,0,0,0.18306629748125736
ACC_0332,5,2,3,1.5,0.0,0.007477,0.003023,0.004118,1123.3,1367.15,3369.9,0,2189.97,business,-1.0649,0,0,0,0,0,0,0.127005687659983
ACC_0333,10,4,6,1.5,0.0444,0.009416,0.001186,0.001651,645.33,976.33,3871.99,0,4676.63,business,0.7339,0,0,0,0,0,0,0.13937424137243046
ACC_0334,9,4,5,1.25,0.0278,0.002845,0.002347,0.065449,910.63,1619.79,4553.15,0,1130.4,personal,0.3742,0,1,0,0,0,0,0.15103203384803462
ACC_0335,8,3,5,1.6667,0.0,0.006024,0.001137,0.001219,930.33,1605.25,4651.66,0,8984.18,business,0.0144,0,0,0,0,0,0,0.11113053313057115
ACC_0336,3,0,3,3000000000.0,0.0,0.0,0.00033,0.0,901.94,1257.95,2705.82,0,2232.46,personal,-1.7845,0,1,1,0,0,0,0.0745111579928607
ACC_0337,6,4,2,0.5,0.0,0.002942,0.001443,0.032277,1241.26,1705.69,2482.51,0,2441.36,business,-0.7052,0,1,0,0,0,0,0.09254732836831873
ACC_0338,10,4,6,1.5,0.0222,0.006789,0.001181,0.000217,1114.44,2361.17,6686.64,0,40109.73,personal,0.7339,0,0,0,0,0,0,0.13685579569775552
ACC_0339,7,4,3,0.75,0.0476,0.003058,0.001369,0.009305,1200.15,2794.14,3600.45,0,16926.86,corporate,-0.3454,0,0,0,0,0,0,0.10245869848905031
ACC_0340,15,6,9,1.5,0.0286,0.0,0.002805,0.000964,184874.7,238517.56,1663872.29,1,107573.88,personal,2.5328,1,1,1,1,1,1,0.430709046785245
ACC_0341,8,6,2,0.3333,0.0,0.011308,0.001144,0.000185,989.02,1532.48,1978.05,0,655.83,corporate,0.0144,0,0,0,0,0,0,0.11720713178320387
ACC_0342,11,3,8,2.6667,0.0182,0.01136,0.002794,0.000401,1437.85,3433.79,11502.77,0,3056.67,business,1.0937,0,1,0,0,0,0,0.19622731008841257
ACC_0343,6,4,2,0.5,0.0,0.0,0.001269,0.007042,34702.38,63101.29,69404.77,1,14283.37,personal,-0.7052,0,1,0,0,0,0,0.1211699050585866
ACC_0344,8,5,3,0.6,0.0,0.019094,0.002628,0.038195,1678.5,2195.51,5035.51,0,17493.15,business,0.0144,0,1,0,0,0,0,0.16538341952029503
ACC_0345,17,10,7,0.7,0.0147,0.043094,0.003545,0.130939,2022.19,4074.3,14155.35,0,9467.47,business,3.2523,1,1,1,1,1,1,0.32211535923448475
ACC_0346,10,6,4,0.6667,0.0222,0.020209,0.002394,0.003239,1493.95,2623.25,5975.78,0,62.02,corporate,0.7339,0,0,0,0,0,0,0.1838183357150906
ACC_0347,6,6,0,0.0,0.0,0.0,0.002185,0.012724,0.0,0.0,0.0,0,3367.37,personal,-0.7052,0,0,0,0,0,0,0.10736848402518354
ACC_0348,8,2,6,3.0,0.0,0.001215,0.001199,0.001251,2187.5,6973.57,13124.97,0,16880.42,personal,0.0144,0,0,0,0,0,0,0.10881598044993263
ACC_0349,15,8,7,0.875,0.0095,0.013505,0.004403,0.014134,1626.01,4332.09,11382.1,0,56750.36,personal,2.5328,1,1,0,0,1,1,0.28796458219076043
ACC_0350,5,2,3,1.5,0.0,0.003155,0.000873,0.000411,1728.11,2700.93,5184.32,0,4228.24,business,-1.0649,0,0,0,0,0,0,0.06663076227552236
ACC_0351,10,5,5,1.0,0.0222,0.007139,0.002101,0.004001,1505.47,3079.95,7527.35,0,6272.27,personal,0.7339,0,0,0,0,0,0,0.16174376350887965
ACC_0352,11,7,4,0.5714,0.0,0.027996,0.004686,0.001442,1246.25,3472.31,4984.99,0,9317.93,personal,1.0937,0,1,0,0,0,0,0.2638855159828582
ACC_0353,7,5,2,0.4,0.0,0.003497,0.002242,7.4e-05,1173.37,2024.86,2346.74,0,6270.69,personal,-0.3454,0,0,0,0,0,0,0.1257600957743169
ACC_0354,8,5,3,0.6,0.0357,0.000954,0.003383,0.002404,1434.45,1616.37,4303.36,0,16630.26,personal,0.0144,0,1,0,0,0,0,0.16486316690235797
ACC_0355,9,0,9,9000000000.0,0.0278,0.0,0.00033,0.0,1194.68,3862.32,10752.12,0,22139.62,personal,0.3742,0,1,1,1,0,1,0.24541803575486995
ACC_0356,7,3,4,1.3333,0.0476,0.009062,0.001397,0.016333,1258.35,2387.27,5033.4,0,2107.95,business,-0.3454,0,0,0,0,0,0,0.1098786630877147
ACC_0357,7,1,6,6.0,0.0476,0.005461,0.000613,0.000492,1615.38,4339.85,9692.25,0,7925.93,business,-0.3454,0,1,0,0,0,0,0.08577739933091041
ACC_0358,13,2,11,5.5,0.0385,0.119593,0.001197,0.000685,870.27,3701.88,9572.93,0,1111.88,personal,1.8132,1,1,1,1,1,1,0.2967528884246517
ACC_0359,9,4,5,1.25,0.0,0.024748,0.001308,0.000545,782.98,2050.48,3914.9,0,1754.71,personal,0.3742,0,0,0,0,0,0,0.14786697498839865
ACC_0360,5,1,4,4.0,0.0,0.0,0.000598,0.000415,141540.51,190193.8,566162.05,1,29842.69,corporate,-1.0649,1,1,0,1,0,1,0.20813674541142868
ACC_0361,7,2,5,2.5,0.0,2e-05,0.002714,0.001721,1465.35,3456.56,7326.74,0,3678.36,personal,-0.3454,0,0,0,0,0,0,0.1345940803782835
ACC_0362,6,5,1,0.2,0.0,0.0,0.001413,0.002933,7397.4,7397.4,7397.4,0,910.84,personal,-0.7052,0,0,0,0,0,0,0.09521735167474565
ACC_0363,11,9,2,0.2222,0.0,0.01732,0.004505,0.001445,1919.04,2751.42,3838.09,0,7490.63,personal,1.0937,0,1,0,0,0,0,0.2481029006608824
ACC_0364,4,2,2,1.0,0.0,0.0,0.000933,0.004617,3033.38,3279.86,6066.76,0,13411.05,business,-1.4247,0,0,0,0,0,0,0.054376281269291074
ACC_0365,6,4,2,0.5,0.0667,0.001408,0.001137,0.013959,1468.16,1973.45,2936.32,0,13083.98,personal,-0.7052,0,1,0,0,0,0,0.08309397817413214
ACC_0366,9,6,3,0.5,0.0,0.052748,0.001595,0.002164,2056.5,5159.64,6169.5,0,3784.71,business,0.3742,0,1,0,0,0,0,0.18765466531057134
ACC_0367,6,3,3,1.0,0.0,0.002994,0.000932,0.000204,5368.81,10808.95,16106.43,0,7726.55,business,-0.7052,0,0,0,0,0,0,0.08372470326514424
ACC_0368,6,4,2,0.5,0.0,0.001972,0.003759,0.000372,121434.76,164719.34,242869.51,1,10669.88,personal,-0.7052,1,1,0,0,1,1,0.2829149751223515
ACC_0369,3,2,1,0.5,0.0,0.000225,0.001903,0.000617,1631.63,1631.63,1631.63,0,2622.53,business,-1.7845,0,0,0,0,0,0,0.06671871707781901
ACC_0370,2,2,0,0.0,0.0,0.0,0.001323,0.000917,0.0,0.0,0.0,0,3886.79,business,-2.1442,0,1,0,0,0,0,0.03775130422913307
ACC_0371,6,5,1,0.2,0.0,4e-05,0.00104,0.000447,2006.04,2006.04,2006.04,0,28474.63,personal,-0.7052,0,0,0,0,0,0,0.07963174788539476
ACC_0372,10,5,5,1.0,0.0222,0.001972,0.003444,0.000388,94022.06,147701.31,470110.32,1,34488.0,personal,0.7339,1,1,0,0,1,1,0.29189206173829635
ACC_0373,6,1,5,5.0,0.0,0.006712,0.000434,2e-06,729.63,1635.2,3648.16,0,8822.34,personal,-0.7052,0,0,0,0,0,0,0.06974433277832902
ACC_0374,5,4,1,0.25,0.0,0.005803,0.001251,0.001709,1462.23,1462.23,1462.23,0,7665.74,personal,-1.0649,0,0,0,0,0,0,0.07915491886542872
ACC_0375,11,6,5,0.8333,0.0182,0.016024,0.004533,0.003293,686.53,1076.91,3432.64,0,13772.8,personal,1.0937,0,1,0,0,0,0,0.2460642879507935
ACC_0376,7,4,3,0.75,0.0,0.004229,0.001967,0.002228,1749.02,3436.43,5247.06,0,29189.31,corporate,-0.3454,0,0,0,0,0,0,0.11999756219498717
ACC_0377,4,2,2,1.0,0.0,0.0,0.000731,0.000346,82602.61,93567.18,165205.22,1,37769.09,personal,-1.4247,0,1,0,0,0,0,0.1356997272561848
ACC_0378,10,7,3,0.4286,0.0444,0.005501,0.00424,0.02156,2265.07,4982.27,6795.21,0,13149.75,personal,0.7339,0,1,0,0,0,0,0.21674063988882925
ACC_0379,10,3,7,2.3333,0.0,0.013871,0.003199,0.010432,970.49,5068.86,6793.42,0,4044.55,business,0.7339,0,1,0,0,0,0,0.19732289347052923
ACC_0380,6,3,3,1.0,0.0,0.002346,0.003431,0.012172,1132.33,2287.07,3396.98,0,20668.94,personal,-0.7052,0,0,0,0,0,0,0.14379676438383754
ACC_0381,10,5,5,1.0,0.0444,0.007131,0.003988,0.027953,1223.36,2254.06,6116.79,0,1494.85,corporate,0.7339,0,1,0,0,0,0,0.21081025347535798
ACC_0382,10,6,4,0.6667,0.0,0.0194,0.002911,0.000341,2508.76,8378.71,10035.06,0,1453.81,business,0.7339,0,0,0,0,0,0,0.19756019658541119
ACC_0383,8,2,6,3.0,0.0357,0.008925,0.00332,0.000276,1231.13,3439.92,7386.8,0,7494.58,personal,0.0144,0,0,0,0,0,0,0.17178709655665128
ACC_0384,7,5,2,0.4,0.0476,0.002097,0.001811,0.004966,1360.8,1493.97,2721.61,0,854.55,personal,-0.3454,0,1,0,0,0,0,0.11314039414096214
ACC_0385,8,4,4,1.0,0.0,0.002833,0.001053,0.001284,1887.85,2934.84,7551.39,0,3232.01,corporate,0.0144,0,0,0,0,0,0,0.10645407209460134
ACC_0386,8,5,3,0.6,0.0,0.007143,0.001693,0.00526,1104.31,1615.19,3312.92,0,7809.99,business,0.0144,0,0,0,0,0,0,0.12710483588354327
ACC_0387,7,4,3,0.75,0.0,0.002032,0.007206,0.064535,1048.39,2022.5,3145.18,0,3034.15,corporate,-0.3454,1,1,1,0,0,1,0.25391463061666264
ACC_0388,5,4,1,0.25,0.0,0.000797,0.007956,0.00502,612.88,612.88,612.88,0,26446.26,personal,-1.0649,1,1,1,0,0,1,0.24817601079293566
ACC_0389,6,3,3,1.0,0.0,0.014028,0.001329,0.000128,1144.67,2695.12,3434.0,0,7826.42,business,-0.7052,0,0,0,0,0,0,0.10168936933271239
ACC_0390,6,2,4,2.0,0.0,0.001819,0.000987,0.000901,2395.69,3716.78,9582.75,0,6468.8,business,-0.7052,0,0,0,0,0,0,0.080631542857126
ACC_0391,12,6,6,1.0,0.0303,0.015521,0.005868,0.007037,1434.22,2647.51,8605.3,0,7445.69,personal,1.4535,1,1,0,0,1,1,0.29302457665447207
ACC_0392,7,4,3,0.75,0.0,0.004374,0.001884,0.001678,1213.73,3330.74,3641.19,0,12684.1,personal,-0.3454,0,0,0,0,0,0,0.11740278588723181
ACC_0393,12,9,3,0.3333,0.0152,0.019275,0.001966,0.000671,964.64,1802.43,2893.92,0,3610.9,business,1.4535,0,1,0,0,0,0,0.19454050644869209
ACC_0394,6,3,3,1.0,0.0667,0.012117,0.001013,0.000762,794.76,1898.99,2384.27,0,14106.79,personal,-0.7052,0,0,0,0,0,0,0.09093055149655353
ACC_0395,4,3,1,0.3333,0.0,8e-05,0.000742,0.001216,1032.91,1032.91,1032.91,0,25497.39,personal,-1.4247,0,0,0,0,0,0,0.04728863396971628
ACC_0396,7,4,3,0.75,0.0,0.012422,0.001563,0.006172,1250.85,1973.83,3752.54,0,20410.63,business,-0.3454,0,0,0,0,0,0,0.11792157489259905
ACC_0397,12,5,7,1.4,0.0303,0.0,0.002082,0.010256,143451.96,225753.14,1004163.69,1,60282.86,personal,1.4535,1,1,0,1,1,1,0.3314062307934086
ACC_0398,11,6,5,0.8333,0.0182,5.2e-05,0.003839,0.002045,83188.51,200245.61,415942.56,1,9664.09,personal,1.0937,1,1,0,1,1,1,0.3000834766270664
ACC_0399,8,4,4,1.0,0.0357,0.004921,0.002553,0.009512,1014.68,1859.24,4058.73,0,3278.79,personal,0.0144,0,1,0,0,0,0,0.14706188966559264
ACC_0400,13,5,8,1.6,0.0128,0.015356,0.003232,0.200281,1296.17,4165.65,10369.33,0,16083.0,personal,1.8132,0,1,1,0,0,0,0.23547342451954417
ACC_0401,8,3,5,1.6667,0.0714,0.00165,0.000983,0.000754,1855.32,5249.19,9276.61,0,9244.41,corporate,0.0144,0,1,0,0,0,0,0.10328164420292049
ACC_0402,6,4,2,0.5,0.0,0.001618,0.002076,0.169015,1468.62,2657.88,2937.24,0,3949.2,business,-0.7052,0,1,0,0,0,0,0.10789958940965191
ACC_0403,6,2,4,2.0,0.0,0.004845,0.000661,0.000251,1271.9,2085.18,5087.61,0,318.76,personal,-0.7052,0,0,0,0,0,0,0.07421537440937885
ACC_0404,9,4,5,1.25,0.0,0.004346,0.003599,0.030492,1546.58,3818.19,7732.88,0,19694.95,corporate,0.3742,0,1,0,0,0,0,0.1861447928786892
ACC_0405,10,4,6,1.5,0.0222,0.037291,0.001456,0.00038,1057.07,1340.73,6342.4,0,1658.68,business,0.7339,0,1,0,0,0,0,0.17764110740826355
ACC_0406,7,4,3,0.75,0.0,0.011674,0.00102,0.000125,767.95,982.41,2303.84,0,5977.56,personal,-0.3454,0,0,0,0,0,0,0.10236052775409787
ACC_0407,8,4,4,1.0,0.0714,0.0,0.002121,0.018888,160340.94,219023.23,641363.74,1,22844.92,business,0.0144,1,1,0,1,1,1,0.30375139417769625
ACC_0408,6,1,5,5.0,0.0,0.006567,0.000848,2.5e-05,2448.57,4119.26,12242.85,0,4197.45,personal,-0.7052,0,0,0,0,0,0,0.08228969127089351
ACC_0409,10,3,7,2.3333,0.0444,0.018603,0.001628,0.00021,1669.09,5376.19,11683.65,0,808.16,corporate,0.7339,0,1,0,0,0,0,0.16219111034773245
ACC_0410,4,2,2,1.0,0.0,0.005493,0.00058,0.00637,655.14,1210.27,1310.27,0,3331.22,business,-1.4247,0,0,0,0,0,0,0.04860977757824204
ACC_0411,8,4,4,1.0,0.0714,0.0,0.001693,0.006732,180418.24,239919.27,721672.97,1,218279.54,business,0.0144,1,1,0,1,1,1,0.31440452230171384
ACC_0412,4,2,2,1.0,0.0,0.000113,0.001141,0.000143,2758.58,2888.68,5517.15,0,6043.83,personal,-1.4247,0,0,0,0,0,0,0.05964514811425022
ACC_0413,10,7,3,0.4286,0.0222,0.0,0.00208,0.045363,116877.93,167402.44,350633.79,1,27348.44,business,0.7339,1,1,0,1,1,1,0.2788991032996954
ACC_0414,8,3,5,1.6667,0.0,0.002986,0.00112,0.000172,1542.61,3135.38,7713.04,0,8869.23,personal,0.0144,0,0,0,0,0,0,0.10800045592408397
ACC_0415,3,1,2,2.0,0.0,0.001964,0.000359,1e-06,1142.74,2039.48,2285.47,0,4360.47,personal,-1.7845,0,1,0,0,0,0,0.02769895445981679
ACC_0416,7,6,1,0.1667,0.0476,0.002644,0.002367,0.138487,1458.48,1458.48,1458.48,0,3957.61,personal,-0.3454,0,1,0,0,0,0,0.1284005916335899
ACC_0417,4,1,3,3.0,0.0,0.0,0.001281,9.1e-05,2876.24,3817.74,8628.71,0,196.3,business,-1.4247,0,0,0,0,0,0,0.06331232293191495
ACC_0418,10,6,4,0.6667,0.0,0.059227,0.002261,0.000218,695.98,1562.92,2783.92,0,15661.61,personal,0.7339,1,1,0,0,0,0,0.22251544702107434
ACC_0419,8,5,3,0.6,0.0357,0.0,0.003397,0.003114,125539.4,193180.72,376618.19,1,74001.64,corporate,0.0144,1,1,0,0,1,1,0.29926316245366097
ACC_0420,7,2,5,2.5,0.0,0.007722,0.001575,0.000509,1075.46,3108.12,5377.3,0,5074.06,business,-0.3454,0,0,0,0,0,0,0.11285946917545527
ACC_0421,6,4,2,0.5,0.0667,0.000286,0.002336,0.000974,2879.1,2944.32,5758.19,0,9827.75,personal,-0.7052,0,1,0,0,0,0,0.11476949986311588
ACC_0422,4,1,3,3.0,0.0,6e-05,0.002692,0.00481,2541.69,7329.3,7625.08,0,5083.11,personal,-1.4247,0,0,0,0,0,0,0.09993993472349876
ACC_0423,9,3,6,2.0,0.0278,0.04078,0.001161,0.002785,1808.07,3446.04,10848.4,0,1227.21,personal,0.3742,0,1,0,0,0,0,0.16282297398708878
ACC_0424,11,4,7,1.75,0.0,0.04179,0.00223,0.000859,1683.19,3736.03,11782.31,0,1564.4,business,1.0937,0,1,0,0,0,0,0.2153062318833834
ACC_0425,12,9,3,0.3333,0.0,0.001863,0.003291,0.023898,2462.79,3683.98,7388.38,0,33393.52,business,1.4535,0,1,0,0,0,0,0.21163654685196512
ACC_0426,6,2,4,2.0,0.0,0.023545,0.001339,0.000146,1240.2,2593.5,4960.8,0,12680.46,personal,-0.7052,0,0,0,0,0,0,0.11255459757925534
ACC_0427,9,6,3,0.5,0.0,0.032342,0.00159,0.003439,1168.68,2529.86,3506.05,0,4469.66,business,0.3742,0,0,0,0,0,0,0.16404469725301857
ACC_0428,7,4,3,0.75,0.0,0.004213,0.002235,0.000614,2407.02,5499.57,7221.05,0,14172.23,personal,-0.3454,0,0,0,0,0,0,0.12770963493220988
ACC_0429,3,1,2,2.0,0.0,0.0,0.000431,3e-06,20285.66,29260.06,40571.33,1,38810.92,business,-1.7845,0,1,0,0,0,0,0.04825315345564149
ACC_0430,9,7,2,0.2857,0.0556,0.009674,0.002768,0.001108,1997.2,3036.94,3994.39,0,15430.41,corporate,0.3742,0,1,0,0,0,0,0.17076626185724728
ACC_0431,7,3,4,1.3333,0.0476,0.004608,0.002115,0.02169,1594.49,4377.79,6377.96,0,10975.8,business,-0.3454,0,0,0,0,0,0,0.12412061586151274
ACC_0432,7,3,4,1.3333,0.0,0.027324,0.000838,2e-05,1165.63,2438.13,4662.51,0,14100.28,business,-0.3454,0,0,0,0,0,0,0.11529622099742831
ACC_0433,6,2,4,2.0,0.0667,0.000145,0.001219,0.000227,1751.6,2107.22,7006.42,0,57.42,business,-0.7052,0,0,0,0,0,0,0.0841550265220287
ACC_0434,3,2,1,0.5,0.0,0.000121,0.001622,0.000609,1361.64,1361.64,1361.64,0,43057.0,personal,-1.7845,0,0,0,0,0,0,0.05895639038767645
ACC_0435,4,3,1,0.3333,0.0,0.002696,0.00091,0.000116,1692.22,1692.22,1692.22,0,475.51,personal,-1.4247,0,0,0,0,0,0,0.055288885074735464
ACC_0436,2,0,2,2000000000.0,0.0,0.0,0.00033,0.0,608.79,797.17,1217.59,0,4989.97,personal,-2.1442,0,1,1,0,0,0,0.04576069669451725
ACC_0437,8,4,4,1.0,0.0,0.025424,0.00089,0.000327,875.29,1585.92,3501.17,0,1322.16,personal,0.0144,0,0,0,0,0,0,0.12600956717853892
ACC_0438,6,4,2,0.5,0.0667,0.002628,0.002733,0.000681,2639.71,4674.4,5279.42,0,2162.22,business,-0.7052,0,1,0,0,0,0,0.127482124492678
ACC_0439,7,2,5,2.5,0.0,0.006145,0.000522,9e-05,1120.99,2203.45,5604.94,0,5258.59,business,-0.3454,0,0,0,0,0,0,0.08361243068762439
ACC_0440,11,5,6,1.2,0.0182,0.027251,0.004371,0.001768,1162.52,2034.06,6975.11,0,4405.15,business,1.0937,0,1,0,0,0,0,0.2547289796845142
ACC_0441,13,6,7,1.1667,0.0,0.082897,0.003743,0.008842,1634.36,5942.26,11440.54,0,28899.51,personal,1.8132,1,1,1,0,1,1,0.32372832126260176
ACC_0442,5,2,3,1.5,0.1,0.00563,0.000807,0.000352,2875.02,6056.67,8625.05,0,4864.91,business,-1.0649,0,1,0,0,0,0,0.06888247047284607
ACC_0443,9,5,4,0.8,0.0278,0.016443,0.000718,0.002091,1995.77,5640.8,7983.07,0,30080.86,personal,0.3742,0,0,0,0,0,0,0.12458448274214604
ACC_0444,9,3,6,2.0,0.0,0.001928,0.001831,0.011184,1516.86,3436.16,9101.19,0,8730.7,personal,0.3742,0,0,0,0,0,0,0.1371766225207653
ACC_0445,5,2,3,1.5,0.1,8e-06,0.003874,0.022868,529.23,1089.5,1587.69,0,4983.56,business,-1.0649,0,1,0,0,0,0,0.1403894318812025
ACC_0446,4,2,2,1.0,0.0,0.033086,0.000441,0.000707,238.8,319.09,477.59,0,9141.16,corporate,-1.4247,0,1,0,0,0,0,0.07496073585379372
ACC_0447,6,2,4,2.0,0.0,0.001903,0.001588,0.000232,1156.94,2289.24,4627.75,0,8654.56,business,-0.7052,0,0,0,0,0,0,0.09510389888654483
ACC_0448,10,5,5,1.0,0.0222,0.001972,0.00238,0.008394,121357.17,202580.21,606785.83,1,24502.67,personal,0.7339,1,1,0,1,1,1,0.29380120719864516
ACC_0449,9,7,2,0.2857,0.0,0.002181,0.002731,0.01279,1455.82,1619.61,2911.65,0,2912.71,business,0.3742,0,0,0,0,0,0,0.16094210972108328
ACC_0450,8,4,4,1.0,0.0357,0.022032,0.001041,0.000342,943.54,2264.25,3774.16,0,22932.19,personal,0.0144,0,0,0,0,0,0,0.1262932994087008
ACC_0451,5,2,3,1.5,0.0,0.000382,0.000684,0.00044,4003.11,6204.16,12009.32,0,796.21,business,-1.0649,0,0,0,0,0,0,0.0611016828970921
ACC_0452,4,0,4,4000000000.0,0.0,0.0,0.00033,0.0,2060.6,3975.64,8242.41,0,7232.42,business,-1.4247,0,1,1,0,0,0,0.10420371209020213
ACC_0453,9,4,5,1.25,0.0,0.02377,0.000813,0.00053,895.48,1685.66,4477.39,0,30529.76,personal,0.3742,0,0,0,0,0,0,0.13395641481057982
ACC_0454,11,3,8,2.6667,0.0,0.003412,0.00119,0.009445,1369.58,3272.41,10956.65,0,3817.15,personal,1.0937,0,1,0,0,0,0,0.14540809927672613
ACC_0455,6,3,3,1.0,0.0,0.005553,0.002598,0.010097,352.08,556.28,1056.25,0,16816.24,personal,-0.7052,0,0,0,0,0,0,0.12468613807963129
ACC_0456,5,1,4,4.0,0.1,0.005461,0.000502,8.2e-05,575.22,979.59,2300.86,0,3716.51,corporate,-1.0649,0,1,0,0,0,0,0.058210944863036435
ACC_0457,11,6,5,0.8333,0.0182,0.007706,0.001993,0.012975,1372.49,4275.71,6862.43,0,31252.4,personal,1.0937,0,0,0,0,0,0,0.1711629237823722
ACC_0458,11,7,4,0.5714,0.0182,0.013207,0.004298,0.045633,925.85,2085.34,3703.39,0,1501.48,business,1.0937,0,1,0,0,0,0,0.23706705296907676
ACC_0459,9,3,6,2.0,0.0,0.014829,0.002379,0.025191,717.36,1448.88,4304.13,0,5297.68,business,0.3742,0,1,0,0,0,0,0.16488033987549067
ACC_0460,7,4,3,0.75,0.0476,0.011259,0.001235,0.004661,2679.6,5491.38,8038.79,0,7193.52,personal,-0.3454,0,0,0,0,0,0,0.10960998503909689
ACC_0461,10,4,6,1.5,0.0,0.013549,0.002542,0.000634,1351.29,2669.64,8107.76,0,13680.42,personal,0.7339,0,0,0,0,0,0,0.18018859406178528
ACC_0462,9,2,7,3.5,0.0,0.000986,0.000519,4e-06,1254.89,1805.45,8784.2,0,8575.95,corporate,0.3742,0,0,0,0,0,0,0.1015174590182894
ACC_0463,13,7,6,0.8571,0.0,0.029082,0.003943,0.004893,2134.88,7454.89,12809.31,0,15352.34,personal,1.8132,0,1,0,0,0,0,0.27013615470799823
ACC_0464,7,6,1,0.1667,0.0,0.010125,0.001722,0.002206,409.43,409.43,409.43,0,1530.77,personal,-0.3454,0,0,0,0,0,0,0.11863255444565414
ACC_0465,17,10,7,0.7,0.0147,0.042305,0.001694,0.0026,941.09,2044.93,6587.61,0,15954.77,business,3.2523,1,1,1,1,0,1,0.2716278675490809
ACC_0466,3,2,1,0.5,0.0,1.2e-05,0.000492,1.6e-05,2551.68,2551.68,2551.68,0,24587.81,business,-1.7845,0,0,0,0,0,0,0.03055961607880147
ACC_0467,7,4,3,0.75,0.0,0.002668,0.002666,0.010678,707.75,799.22,2123.26,0,14343.23,corporate,-0.3454,0,0,0,0,0,0,0.13543467896817057
ACC_0468,7,4,3,0.75,0.0476,0.005843,0.003711,0.010668,1328.8,2074.61,3986.4,0,3851.94,personal,-0.3454,0,1,0,0,0,0,0.16696089968628125
ACC_0469,14,8,6,0.75,0.011,0.025505,0.001767,0.094559,1412.45,3352.18,8474.7,0,2277.69,personal,2.173,0,1,0,0,0,0,0.22022275753544
ACC_0470,6,2,4,2.0,0.0667,0.001195,0.000407,2.4e-05,1971.25,3230.69,7885.01,0,3172.05,personal,-0.7052,0,0,0,0,0,0,0.06430264823593668
ACC_0471,3,3,0,0.0,0.3333,0.0,0.004434,0.000114,0.0,0.0,0.0,0,1278.47,personal,-1.7845,0,1,1,1,0,1,0.1309302170181313
ACC_0472,11,5,6,1.2,0.0182,0.036925,0.002028,0.00686,1005.17,2637.54,6031.02,0,10941.58,personal,1.0937,0,1,0,0,0,0,0.20391465278463267
ACC_0473,7,1,6,6.0,0.0,8.5e-05,0.000684,0.002186,1850.16,4762.66,11100.94,0,7977.32,personal,-0.3454,0,0,0,0,0,0,0.08195998289434082
ACC_0474,13,4,9,2.25,0.0385,0.039304,0.005867,0.001999,992.05,3282.8,8928.46,0,7988.43,personal,1.8132,1,1,0,0,1,1,0.3305202064965911
ACC_0475,4,2,2,1.0,0.0,0.000463,0.000646,0.000635,1141.58,1997.31,2283.16,0,9683.76,personal,-1.4247,0,0,0,0,0,0,0.04531716129855814
ACC_0476,10,7,3,0.4286,0.0,0.003863,0.004193,0.046248,1376.49,2628.31,4129.46,0,22912.37,personal,0.7339,0,1,0,0,0,0,0.21273634653428108
ACC_0477,8,4,4,1.0,0.0,0.006676,0.00076,0.000894,1349.11,2525.75,5396.43,0,683.19,business,0.0144,0,0,0,0,0,0,0.1024396716638102
ACC_0478,6,4,2,0.5,0.0,0.002258,0.001778,0.01077,1735.16,2158.88,3470.33,0,5094.39,business,-0.7052,0,0,0,0,0,0,0.10109719158940303
ACC_0479,10,5,5,1.0,0.0,0.005171,0.001548,0.013575,2483.54,3339.77,12417.7,0,2475.43,personal,0.7339,0,0,0,0,0,0,0.1461653048996698
ACC_0480,8,2,6,3.0,0.0,0.01831,0.000528,0.000848,1649.06,3619.86,9894.39,0,12421.84,personal,0.0144,0,0,0,0,0,0,0.10952988103759337
ACC_0481,6,3,3,1.0,0.0,0.018873,0.000607,5e-05,612.35,1004.76,1837.04,0,21239.53,personal,-0.7052,0,0,0,0,0,0,0.08756056619840383
ACC_0482,9,5,4,0.8,0.0,0.006853,0.003886,0.018684,690.52,1243.8,2762.07,0,3389.22,personal,0.3742,0,1,0,0,0,0,0.19548954103915872
ACC_0483,15,6,9,1.5,0.0095,0.024869,0.003013,0.031322,1750.08,2845.57,15750.71,0,6272.59,personal,2.5328,1,1,0,0,0,0,0.2642608608428018
ACC_0484,7,4,3,0.75,0.0,0.0,0.00066,3.6e-05,63937.65,71868.8,191812.95,1,3612.84,personal,-0.3454,0,1,0,0,0,0,0.14881930101270696
ACC_0485,8,5,3,0.6,0.0,0.005807,0.001851,0.009957,1182.27,1889.62,3546.82,0,6346.36,personal,0.0144,0,0,0,0,0,0,0.12985058993367038
ACC_0486,8,2,6,3.0,0.0476,0.0,0.002642,0.00263,1157.04,2877.4,6942.21,0,3698.71,personal,0.0144,0,0,0,0,0,0,0.14411690663823357
ACC_0487,7,4,3,0.75,0.0,0.023742,0.000727,0.000133,722.37,1116.12,2167.11,0,9698.53,personal,-0.3454,0,0,0,0,0,0,0.10795708334487561
ACC_0488,6,4,2,0.5,0.0,0.00095,0.002125,0.034976,576.65,1053.3,1153.3,0,6697.75,personal,-0.7052,0,1,0,0,0,0,0.10747404971178307
ACC_0489,8,4,4,1.0,0.0,0.03435,0.000886,0.006508,641.89,1107.99,2567.56,0,16136.74,personal,0.0144,0,0,0,0,0,0,0.13549836810863847
ACC_0490,12,4,8,2.0,0.0152,0.075046,0.000819,0.000186,1566.08,3080.39,12528.64,0,5534.15,business,1.4535,1,1,0,0,0,0,0.22670728945665103
ACC_0491,7,5,2,0.4,0.0,0.023758,0.003082,0.006544,374.01,648.02,748.02,0,6369.87,business,-0.3454,0,0,0,0,0,0,0.16922539935604736
ACC_0492,6,2,4,2.0,0.0,0.00208,0.001719,0.06321,1897.11,3612.17,7588.43,0,18710.13,business,-0.7052,0,1,0,0,0,0,0.0995330770348398
ACC_0493,8,1,7,7.0,0.0357,0.001843,0.000404,0.001271,1374.17,3309.93,9619.19,0,5785.73,personal,0.0144,0,1,0,0,0,0,0.08781853974882776
ACC_0494,3,1,2,2.0,0.0,1.6e-05,0.000505,1e-05,1745.71,2936.62,3491.42,0,9887.66,business,-1.7845,0,1,0,0,0,0,0.030026951768588616
ACC_0495,11,5,6,1.2,0.0,0.022149,0.002219,0.001375,1928.29,3584.19,11569.72,0,2532.31,personal,1.0937,0,1,0,0,0,0,0.1936163887016561
ACC_0496,4,3,1,0.3333,0.0,0.000121,0.00159,0.000399,827.05,827.05,827.05,0,14214.36,personal,-1.4247,0,0,0,0,0,0,0.06930177103577376
ACC_0497,5,3,2,0.6667,0.0,0.001002,0.001661,0.00256,2162.67,3347.24,4325.34,0,10332.89,business,-1.0649,0,0,0,0,0,0,0.08535028686383166
ACC_0498,7,5,2,0.4,0.0,0.002294,0.00267,0.00977,2233.73,3015.03,4467.45,0,10733.69,personal,-0.3454,0,0,0,0,0,0,0.13678774893064571
ACC_0499,9,4,5,1.25,0.0278,0.005968,0.000891,0.003128,1510.64,2224.34,7553.19,0,11285.76,personal,0.3742,0,0,0,0,0,0,0.11702734741291823
